"province","city","city_key","company_count","longitude","latitude","source_file","last_update_time"
"安徽省","安庆市","安庆",4,117.043551,30.50883,"上市公司基本情况.xlsx","2026-06-29 01:23:57"
"安徽省","蚌埠市","蚌埠",10,117.363228,32.939667,"上市公司基本情况.xlsx","2026-06-29 01:23:57"
"安徽省","亳州市","亳州",1,115.782939,33.869338,"上市公司基本情况.xlsx","2026-06-29 01:23:57"
"安徽省","巢湖市","巢湖",2,117.88049,31.608733,"上市公司基本情况.xlsx","2026-06-29 01:23:57"
"安徽省","池州市","池州",4,117.489157,30.656037,"上市公司基本情况.xlsx","2026-06-29 01:23:57"
"安徽省","滁州市","滁州",9,118.316264,32.303627,"上市公司基本情况.xlsx","2026-06-29 01:23:57"
"安徽省","阜阳市","阜阳",1,115.819729,32.896969,"上市公司基本情况.xlsx","2026-06-29 01:23:57"
"安徽省","广德市","广德",4,119.364713,30.89395,"上市公司基本情况.xlsx","2026-06-29 01:23:57"
"安徽省","合肥市","合肥",87,117.283042,31.86119,"上市公司基本情况.xlsx","2026-06-29 01:23:57"
"安徽省","淮北市","淮北",4,116.794664,33.971707,"上市公司基本情况.xlsx","2026-06-29 01:23:57"
"安徽省","淮南市","淮南",2,117.018329,32.647574,"上市公司基本情况.xlsx","2026-06-29 01:23:57"
"安徽省","黄山市","黄山",3,118.317325,29.709239,"上市公司基本情况.xlsx","2026-06-29 01:23:57"
"安徽省","六安市","六安",3,116.507676,31.752889,"上市公司基本情况.xlsx","2026-06-29 01:23:57"
"安徽省","马鞍山市","马鞍山",7,118.507906,31.689362,"上市公司基本情况.xlsx","2026-06-29 01:23:57"
"安徽省","明光市","明光",3,118.140727,32.811836,"上市公司基本情况.xlsx","2026-06-29 01:23:57"
"安徽省","宁国市","宁国",4,118.997025,30.502936,"上市公司基本情况.xlsx","2026-06-29 01:23:57"
"安徽省","潜山市","潜山",1,116.552816,30.758639,"上市公司基本情况.xlsx","2026-06-29 01:23:57"
"安徽省","宿州市","宿州",2,116.984084,33.633891,"上市公司基本情况.xlsx","2026-06-29 01:23:57"
"安徽省","天长市","天长",2,118.972913,32.721214,"上市公司基本情况.xlsx","2026-06-29 01:23:57"
"安徽省","铜陵市","铜陵",12,117.816576,30.929935,"上市公司基本情况.xlsx","2026-06-29 01:23:57"
"安徽省","无为市","无为",1,117.864823,31.256984,"上市公司基本情况.xlsx","2026-06-29 01:23:57"
"安徽省","芜湖市","芜湖",21,118.376451,31.326319,"上市公司基本情况.xlsx","2026-06-29 01:23:57"
"安徽省","宣城市","宣城",2,118.757995,30.945667,"上市公司基本情况.xlsx","2026-06-29 01:23:57"
"北京","北京市","北京",483,116.405285,39.904989,"上市公司基本情况.xlsx","2026-06-29 01:23:57"
"福建省","福清市","福清",3,119.377547,25.638121,"上市公司基本情况.xlsx","2026-06-29 01:23:57"
"福建省","福州市","福州",52,119.306239,26.075302,"上市公司基本情况.xlsx","2026-06-29 01:23:57"
"福建省","晋江市","晋江",8,118.558651,24.729638,"上市公司基本情况.xlsx","2026-06-29 01:23:57"
"福建省","龙岩市","龙岩",7,117.02978,25.091603,"上市公司基本情况.xlsx","2026-06-29 01:23:57"
"福建省","南安市","南安",1,118.388981,25.017973,"上市公司基本情况.xlsx","2026-06-29 01:23:57"
"福建省","南平市","南平",7,118.178459,26.635627,"上市公司基本情况.xlsx","2026-06-29 01:23:57"
"福建省","宁德市","宁德",4,119.527082,26.65924,"上市公司基本情况.xlsx","2026-06-29 01:23:57"
"福建省","莆田市","莆田",4,119.007558,25.431011,"上市公司基本情况.xlsx","2026-06-29 01:23:57"
"福建省","泉州市","泉州",12,118.589421,24.908853,"上市公司基本情况.xlsx","2026-06-29 01:23:57"
"福建省","三明市","三明",2,117.635001,26.265444,"上市公司基本情况.xlsx","2026-06-29 01:23:57"
"福建省","厦门市","厦门",69,118.11022,24.490474,"上市公司基本情况.xlsx","2026-06-29 01:23:57"
"福建省","邵武市","邵武",1,117.480572,27.235197,"上市公司基本情况.xlsx","2026-06-29 01:23:57"
"福建省","永安市","永安",1,117.328535,25.919433,"上市公司基本情况.xlsx","2026-06-29 01:23:57"
"福建省","漳州市","漳州",6,117.661801,24.510897,"上市公司基本情况.xlsx","2026-06-29 01:23:57"
"甘肃省","白银市","白银",3,104.173606,36.54568,"上市公司基本情况.xlsx","2026-06-29 01:23:57"
"甘肃省","嘉峪关市","嘉峪关",1,98.277304,39.786529,"上市公司基本情况.xlsx","2026-06-29 01:23:57"
"甘肃省","酒泉市","酒泉",3,98.510795,39.744023,"上市公司基本情况.xlsx","2026-06-29 01:23:57"
"甘肃省","兰州市","兰州",21,103.823557,36.058039,"上市公司基本情况.xlsx","2026-06-29 01:23:57"
"甘肃省","陇南市","陇南",3,104.929379,33.388598,"上市公司基本情况.xlsx","2026-06-29 01:23:57"
"甘肃省","天水市","天水",2,105.724998,34.578529,"上市公司基本情况.xlsx","2026-06-29 01:23:57"
"甘肃省","武威市","武威",1,102.634697,37.929996,"上市公司基本情况.xlsx","2026-06-29 01:23:57"
"广东省","潮州市","潮州",6,116.632301,23.661701,"上市公司基本情况.xlsx","2026-06-29 01:23:57"
"广东省","东莞市","东莞",64,113.746262,23.046237,"上市公司基本情况.xlsx","2026-06-29 01:23:57"
"广东省","恩平市","恩平",1,112.286461,22.240985,"上市公司基本情况.xlsx","2026-06-29 01:23:57"
"广东省","佛山市","佛山",55,113.122717,23.028762,"上市公司基本情况.xlsx","2026-06-29 01:23:57"
"广东省","广州市","广州",158,113.280637,23.125178,"上市公司基本情况.xlsx","2026-06-29 01:23:57"
"广东省","河源市","河源",2,114.697802,23.746266,"上市公司基本情况.xlsx","2026-06-29 01:23:57"
"广东省","鹤山市","鹤山",2,112.801618,22.675317,"上市公司基本情况.xlsx","2026-06-29 01:23:57"
"广东省","惠州市","惠州",20,114.412599,23.079404,"上市公司基本情况.xlsx","2026-06-29 01:23:57"
"广东省","江门市","江门",10,113.094942,22.590431,"上市公司基本情况.xlsx","2026-06-29 01:23:57"
"广东省","揭阳市","揭阳",3,116.355733,23.543778,"上市公司基本情况.xlsx","2026-06-29 01:23:57"
"广东省","茂名市","茂名",2,110.919229,21.659751,"上市公司基本情况.xlsx","2026-06-29 01:23:57"
"广东省","梅州市","梅州",6,116.117582,24.299112,"上市公司基本情况.xlsx","2026-06-29 01:23:57"
"广东省","普宁市","普宁",3,116.078166,23.288954,"上市公司基本情况.xlsx","2026-06-29 01:23:57"
"广东省","清远市","清远",6,113.051227,23.685022,"上市公司基本情况.xlsx","2026-06-29 01:23:57"
"广东省","汕头市","汕头",31,116.708463,23.37102,"上市公司基本情况.xlsx","2026-06-29 01:23:57"
"广东省","韶关市","韶关",4,113.591544,24.801322,"上市公司基本情况.xlsx","2026-06-29 01:23:57"
"广东省","深圳市","深圳",428,114.085947,22.547,"上市公司基本情况.xlsx","2026-06-29 01:23:57"
"广东省","四会市","四会",4,112.687558,23.431444,"上市公司基本情况.xlsx","2026-06-29 01:23:57"
"广东省","台山市","台山",3,112.715908,22.034639,"上市公司基本情况.xlsx","2026-06-29 01:23:57"
"广东省","兴宁市","兴宁",1,115.7533,24.267311,"上市公司基本情况.xlsx","2026-06-29 01:23:57"
"广东省","阳春市","阳春",1,111.694449,22.223898,"上市公司基本情况.xlsx","2026-06-29 01:23:57"
"广东省","英德市","英德",1,113.323169,24.22568,"上市公司基本情况.xlsx","2026-06-29 01:23:57"
"广东省","云浮市","云浮",2,112.044439,22.929801,"上市公司基本情况.xlsx","2026-06-29 01:23:57"
"广东省","湛江市","湛江",5,110.364977,21.274898,"上市公司基本情况.xlsx","2026-06-29 01:23:57"
"广东省","肇庆市","肇庆",7,112.472529,23.051546,"上市公司基本情况.xlsx","2026-06-29 01:23:57"
"广东省","中山市","中山",30,113.382391,22.521113,"上市公司基本情况.xlsx","2026-06-29 01:23:57"
"广东省","珠海市","珠海",41,113.552724,22.255899,"上市公司基本情况.xlsx","2026-06-29 01:23:57"
"广西壮族自治区","北海市","北海",5,109.119254,21.473343,"上市公司基本情况.xlsx","2026-06-29 01:23:57"
"广西壮族自治区","贵港市","贵港",1,109.602146,23.0936,"上市公司基本情况.xlsx","2026-06-29 01:23:57"
"广西壮族自治区","桂林市","桂林",8,110.299121,25.274215,"上市公司基本情况.xlsx","2026-06-29 01:23:57"
"广西壮族自治区","河池市","河池",1,108.062105,24.695899,"上市公司基本情况.xlsx","2026-06-29 01:23:57"
"广西壮族自治区","贺州市","贺州",1,111.552056,24.414141,"上市公司基本情况.xlsx","2026-06-29 01:23:57"
"广西壮族自治区","柳州市","柳州",5,109.411703,24.314617,"上市公司基本情况.xlsx","2026-06-29 01:23:57"
"广西壮族自治区","南宁市","南宁",16,108.320004,22.82402,"上市公司基本情况.xlsx","2026-06-29 01:23:57"
"广西壮族自治区","钦州市","钦州",2,108.624175,21.967127,"上市公司基本情况.xlsx","2026-06-29 01:23:57"
"广西壮族自治区","梧州市","梧州",1,111.297604,23.474803,"上市公司基本情况.xlsx","2026-06-29 01:23:57"
"广西壮族自治区","玉林市","玉林",2,110.154393,22.63136,"上市公司基本情况.xlsx","2026-06-29 01:23:57"
"贵州省","安顺市","安顺",3,105.932188,26.245544,"上市公司基本情况.xlsx","2026-06-29 01:23:57"
"贵州省","福泉市","福泉",2,107.491217,26.777119,"上市公司基本情况.xlsx","2026-06-29 01:23:57"
"贵州省","贵阳市","贵阳",22,106.713478,26.578343,"上市公司基本情况.xlsx","2026-06-29 01:23:57"
"贵州省","盘州市","盘州",1,104.666913,25.772838,"上市公司基本情况.xlsx","2026-06-29 01:23:57"
"贵州省","黔南布依族苗族自治州","黔南布依族苗族",1,107.517156,26.258219,"上市公司基本情况.xlsx","2026-06-29 01:23:57"
"贵州省","清镇市","清镇",1,106.353814,26.688621,"上市公司基本情况.xlsx","2026-06-29 01:23:57"
"贵州省","仁怀市","仁怀",1,106.347908,27.839203,"上市公司基本情况.xlsx","2026-06-29 01:23:57"
"贵州省","铜仁市","铜仁",1,109.191555,27.718346,"上市公司基本情况.xlsx","2026-06-29 01:23:57"
"贵州省","遵义市","遵义",2,106.937265,27.706626,"上市公司基本情况.xlsx","2026-06-29 01:23:57"
"海南省","昌江黎族自治县","昌江黎族自治县",1,109.053351,19.260968,"上市公司基本情况.xlsx","2026-06-29 01:23:57"
"海南省","澄迈县","澄迈县",1,110.007147,19.737095,"上市公司基本情况.xlsx","2026-06-29 01:23:57"
"海南省","海口市","海口",23,110.33119,20.031971,"上市公司基本情况.xlsx","2026-06-29 01:23:57"
"海南省","三亚市","三亚",2,109.508268,18.247872,"上市公司基本情况.xlsx","2026-06-29 01:23:57"
"河北省","保定市","保定",9,115.482331,38.867657,"上市公司基本情况.xlsx","2026-06-29 01:23:57"
"河北省","沧州市","沧州",4,116.857461,38.310582,"上市公司基本情况.xlsx","2026-06-29 01:23:57"
"河北省","承德市","承德",1,117.939152,40.976204,"上市公司基本情况.xlsx","2026-06-29 01:23:57"
"河北省","高碑店市","高碑店",1,116.040934,39.265088,"上市公司基本情况.xlsx","2026-06-29 01:23:57"
"河北省","邯郸市","邯郸",4,114.490686,36.612273,"上市公司基本情况.xlsx","2026-06-29 01:23:57"
"河北省","衡水市","衡水",3,115.665993,37.735097,"上市公司基本情况.xlsx","2026-06-29 01:23:57"
"河北省","黄骅市","黄骅",2,117.400217,38.401522,"上市公司基本情况.xlsx","2026-06-29 01:23:57"
"河北省","廊坊市","廊坊",6,116.713873,39.529244,"上市公司基本情况.xlsx","2026-06-29 01:23:57"
"河北省","秦皇岛市","秦皇岛",6,119.586579,39.942531,"上市公司基本情况.xlsx","2026-06-29 01:23:57"
"河北省","三河市","三河",2,117.021284,39.967428,"上市公司基本情况.xlsx","2026-06-29 01:23:57"
"河北省","沙河市","沙河",1,114.283093,36.938635,"上市公司基本情况.xlsx","2026-06-29 01:23:57"
"河北省","石家庄市","石家庄",23,114.502461,38.045474,"上市公司基本情况.xlsx","2026-06-29 01:23:57"
"河北省","唐山市","唐山",14,118.175393,39.635113,"上市公司基本情况.xlsx","2026-06-29 01:23:57"
"河北省","武安市","武安",1,114.058334,36.748995,"上市公司基本情况.xlsx","2026-06-29 01:23:57"
"河北省","邢台市","邢台",5,114.508851,37.0682,"上市公司基本情况.xlsx","2026-06-29 01:23:57"
"河北省","张家口市","张家口",2,114.884091,40.811901,"上市公司基本情况.xlsx","2026-06-29 01:23:57"
"河北省","涿州市","涿州",2,115.999054,39.482482,"上市公司基本情况.xlsx","2026-06-29 01:23:57"
"河南省","安阳市","安阳",3,114.352482,36.103442,"上市公司基本情况.xlsx","2026-06-29 01:23:57"
"河南省","巩义市","巩义",3,113.03959,34.703799,"上市公司基本情况.xlsx","2026-06-29 01:23:57"
"河南省","鹤壁市","鹤壁",4,114.295444,35.748236,"上市公司基本情况.xlsx","2026-06-29 01:23:57"
"河南省","济源市","济源",3,112.590047,35.090378,"上市公司基本情况.xlsx","2026-06-29 01:23:57"
"河南省","焦作市","焦作",6,113.238266,35.23904,"上市公司基本情况.xlsx","2026-06-29 01:23:57"
"河南省","开封市","开封",1,114.341447,34.797049,"上市公司基本情况.xlsx","2026-06-29 01:23:57"
"河南省","林州市","林州",1,113.861084,36.016561,"上市公司基本情况.xlsx","2026-06-29 01:23:57"
"河南省","洛阳市","洛阳",15,112.434468,34.663041,"上市公司基本情况.xlsx","2026-06-29 01:23:57"
"河南省","漯河市","漯河",2,114.026405,33.575855,"上市公司基本情况.xlsx","2026-06-29 01:23:57"
"河南省","孟州市","孟州",1,112.769699,34.925884,"上市公司基本情况.xlsx","2026-06-29 01:23:57"
"河南省","南阳市","南阳",7,112.540918,32.999082,"上市公司基本情况.xlsx","2026-06-29 01:23:57"
"河南省","平顶山市","平顶山",3,113.307718,33.735241,"上市公司基本情况.xlsx","2026-06-29 01:23:57"
"河南省","濮阳市","濮阳",2,115.041299,35.768234,"上市公司基本情况.xlsx","2026-06-29 01:23:57"
"河南省","商丘市","商丘",2,115.650497,34.437054,"上市公司基本情况.xlsx","2026-06-29 01:23:57"
"河南省","舞钢市","舞钢",1,113.525996,33.289605,"上市公司基本情况.xlsx","2026-06-29 01:23:57"
"河南省","项城市","项城",1,114.89338,33.27447,"上市公司基本情况.xlsx","2026-06-29 01:23:57"
"河南省","新乡市","新乡",7,113.883991,35.302616,"上市公司基本情况.xlsx","2026-06-29 01:23:57"
"河南省","新郑市","新郑",3,113.736115,34.459443,"上市公司基本情况.xlsx","2026-06-29 01:23:57"
"河南省","信阳市","信阳",2,114.075031,32.123274,"上市公司基本情况.xlsx","2026-06-29 01:23:57"
"河南省","许昌市","许昌",7,113.826063,34.022956,"上市公司基本情况.xlsx","2026-06-29 01:23:57"
"河南省","义马市","义马",1,111.906093,34.749525,"上市公司基本情况.xlsx","2026-06-29 01:23:57"
"河南省","永城市","永城",1,116.330775,33.972013,"上市公司基本情况.xlsx","2026-06-29 01:23:57"
"河南省","长葛市","长葛",3,113.855568,34.236601,"上市公司基本情况.xlsx","2026-06-29 01:23:57"
"河南省","郑州市","郑州",35,113.665412,34.757975,"上市公司基本情况.xlsx","2026-06-29 01:23:57"
"河南省","周口市","周口",2,114.649653,33.620357,"上市公司基本情况.xlsx","2026-06-29 01:23:57"
"河南省","驻马店市","驻马店",1,114.024736,32.980169,"上市公司基本情况.xlsx","2026-06-29 01:23:57"
"黑龙江省","大庆市","大庆",1,125.11272,46.590734,"上市公司基本情况.xlsx","2026-06-29 01:23:57"
"黑龙江省","哈尔滨市","哈尔滨",30,126.642464,45.756967,"上市公司基本情况.xlsx","2026-06-29 01:23:57"
"黑龙江省","虎林市","虎林",1,133.121106,45.997276,"上市公司基本情况.xlsx","2026-06-29 01:23:57"
"黑龙江省","佳木斯市","佳木斯",1,130.361634,46.809606,"上市公司基本情况.xlsx","2026-06-29 01:23:57"
"黑龙江省","牡丹江市","牡丹江",2,129.618602,44.582962,"上市公司基本情况.xlsx","2026-06-29 01:23:57"
"黑龙江省","七台河市","七台河",1,131.015584,45.771266,"上市公司基本情况.xlsx","2026-06-29 01:23:57"
"黑龙江省","齐齐哈尔市","齐齐哈尔",1,123.95792,47.342081,"上市公司基本情况.xlsx","2026-06-29 01:23:57"
"黑龙江省","绥化市","绥化",1,126.99293,46.637393,"上市公司基本情况.xlsx","2026-06-29 01:23:57"
"湖北省","大冶市","大冶",3,114.846142,30.072896,"上市公司基本情况.xlsx","2026-06-29 01:23:57"
"湖北省","当阳市","当阳",2,111.842712,30.825538,"上市公司基本情况.xlsx","2026-06-29 01:23:57"
"湖北省","鄂州市","鄂州",1,114.890593,30.396536,"上市公司基本情况.xlsx","2026-06-29 01:23:57"
"湖北省","汉川市","汉川",2,113.681678,30.622039,"上市公司基本情况.xlsx","2026-06-29 01:23:57"
"湖北省","黄冈市","黄冈",2,114.879365,30.447711,"上市公司基本情况.xlsx","2026-06-29 01:23:57"
"湖北省","黄石市","黄石",5,115.077048,30.220074,"上市公司基本情况.xlsx","2026-06-29 01:23:57"
"湖北省","京山市","京山",1,113.112261,31.085752,"上市公司基本情况.xlsx","2026-06-29 01:23:57"
"湖北省","荆门市","荆门",4,112.204251,31.03542,"上市公司基本情况.xlsx","2026-06-29 01:23:57"
"湖北省","荆州市","荆州",10,112.23813,30.326857,"上市公司基本情况.xlsx","2026-06-29 01:23:57"
"湖北省","潜江市","潜江",2,112.896866,30.421215,"上市公司基本情况.xlsx","2026-06-29 01:23:57"
"湖北省","十堰市","十堰",6,110.787916,32.646907,"上市公司基本情况.xlsx","2026-06-29 01:23:57"
"湖北省","随州市","随州",1,113.37377,31.717497,"上市公司基本情况.xlsx","2026-06-29 01:23:57"
"湖北省","武汉市","武汉",82,114.298572,30.584355,"上市公司基本情况.xlsx","2026-06-29 01:23:57"
"湖北省","武穴市","武穴",1,115.625834,30.015614,"上市公司基本情况.xlsx","2026-06-29 01:23:57"
"湖北省","咸宁市","咸宁",2,114.328963,29.832798,"上市公司基本情况.xlsx","2026-06-29 01:23:57"
"湖北省","襄阳市","襄阳",11,112.144146,32.042426,"上市公司基本情况.xlsx","2026-06-29 01:23:57"
"湖北省","孝感市","孝感",1,113.926655,30.926423,"上市公司基本情况.xlsx","2026-06-29 01:23:57"
"湖北省","宜昌市","宜昌",13,111.290843,30.702636,"上市公司基本情况.xlsx","2026-06-29 01:23:57"
"湖北省","宜城市","宜城",1,112.372745,31.673335,"上市公司基本情况.xlsx","2026-06-29 01:23:57"
"湖北省","应城市","应城",2,113.55644,30.925709,"上市公司基本情况.xlsx","2026-06-29 01:23:57"
"湖北省","枝江市","枝江",2,111.728567,30.451767,"上市公司基本情况.xlsx","2026-06-29 01:23:57"
"湖南省","常德市","常德",8,111.691347,29.040225,"上市公司基本情况.xlsx","2026-06-29 01:23:57"
"湖南省","郴州市","郴州",5,113.032067,25.793589,"上市公司基本情况.xlsx","2026-06-29 01:23:57"
"湖南省","衡阳市","衡阳",5,112.607693,26.900358,"上市公司基本情况.xlsx","2026-06-29 01:23:57"
"湖南省","洪江市","洪江",1,110.087193,27.239105,"上市公司基本情况.xlsx","2026-06-29 01:23:57"
"湖南省","怀化市","怀化",1,109.97824,27.550082,"上市公司基本情况.xlsx","2026-06-29 01:23:57"
"湖南省","吉首市","吉首",1,109.770926,28.317143,"上市公司基本情况.xlsx","2026-06-29 01:23:57"
"湖南省","醴陵市","醴陵",2,113.470625,27.662279,"上市公司基本情况.xlsx","2026-06-29 01:23:57"
"湖南省","浏阳市","浏阳",9,113.721985,28.234472,"上市公司基本情况.xlsx","2026-06-29 01:23:57"
"湖南省","宁乡市","宁乡",5,112.360465,28.131213,"上市公司基本情况.xlsx","2026-06-29 01:23:57"
"湖南省","祁阳市","祁阳",1,111.972594,26.460846,"上市公司基本情况.xlsx","2026-06-29 01:23:57"
"湖南省","邵阳市","邵阳",2,111.46923,27.237842,"上市公司基本情况.xlsx","2026-06-29 01:23:57"
"湖南省","湘潭市","湘潭",7,112.944052,27.82973,"上市公司基本情况.xlsx","2026-06-29 01:23:57"
"湖南省","益阳市","益阳",7,112.355042,28.570066,"上市公司基本情况.xlsx","2026-06-29 01:23:57"
"湖南省","沅江市","沅江",1,112.564942,28.977186,"上市公司基本情况.xlsx","2026-06-29 01:23:57"
"湖南省","岳阳市","岳阳",8,113.132855,29.37029,"上市公司基本情况.xlsx","2026-06-29 01:23:57"
"湖南省","张家界市","张家界",1,110.479921,29.127401,"上市公司基本情况.xlsx","2026-06-29 01:23:57"
"湖南省","长沙市","长沙",72,112.982279,28.19409,"上市公司基本情况.xlsx","2026-06-29 01:23:57"
"湖南省","株洲市","株洲",11,113.151737,27.835806,"上市公司基本情况.xlsx","2026-06-29 01:23:57"
"吉林省","敦化市","敦化",2,128.239499,43.560202,"上市公司基本情况.xlsx","2026-06-29 01:23:57"
"吉林省","吉林市","吉林",7,126.55302,43.843577,"上市公司基本情况.xlsx","2026-06-29 01:23:57"
"吉林省","集安市","集安",1,125.998992,41.251411,"上市公司基本情况.xlsx","2026-06-29 01:23:57"
"吉林省","辽源市","辽源",2,125.145349,42.902692,"上市公司基本情况.xlsx","2026-06-29 01:23:57"
"吉林省","磐石市","磐石",1,126.174628,43.057456,"上市公司基本情况.xlsx","2026-06-29 01:23:57"
"吉林省","通化市","通化",3,125.936501,41.721177,"上市公司基本情况.xlsx","2026-06-29 01:23:57"
"吉林省","延边朝鲜族自治州","延边朝鲜族",1,129.513228,42.904823,"上市公司基本情况.xlsx","2026-06-29 01:23:57"
"吉林省","长春市","长春",30,125.3245,43.886841,"上市公司基本情况.xlsx","2026-06-29 01:23:57"
"江苏省","常熟市","常熟",15,120.831486,31.669446,"上市公司基本情况.xlsx","2026-06-29 01:23:57"
"江苏省","常州市","常州",71,119.946973,31.772752,"上市公司基本情况.xlsx","2026-06-29 01:23:57"
"江苏省","丹阳市","丹阳",8,119.644304,31.960263,"上市公司基本情况.xlsx","2026-06-29 01:23:57"
"江苏省","高邮市","高邮",1,119.503407,32.835944,"上市公司基本情况.xlsx","2026-06-29 01:23:57"
"江苏省","海安市","海安",2,120.473927,32.553985,"上市公司基本情况.xlsx","2026-06-29 01:23:57"
"江苏省","淮安市","淮安",6,119.021265,33.597506,"上市公司基本情况.xlsx","2026-06-29 01:23:57"
"江苏省","江阴市","江阴",39,120.310679,31.837425,"上市公司基本情况.xlsx","2026-06-29 01:23:57"
"江苏省","靖江市","靖江",6,120.276899,32.039443,"上市公司基本情况.xlsx","2026-06-29 01:23:57"
"江苏省","句容市","句容",2,119.20708,31.932635,"上市公司基本情况.xlsx","2026-06-29 01:23:57"
"江苏省","昆山市","昆山",35,120.965808,31.328937,"上市公司基本情况.xlsx","2026-06-29 01:23:57"
"江苏省","溧阳市","溧阳",4,119.382839,31.425242,"上市公司基本情况.xlsx","2026-06-29 01:23:57"
"江苏省","连云港市","连云港",12,119.178821,34.600018,"上市公司基本情况.xlsx","2026-06-29 01:23:57"
"江苏省","南京市","南京",124,118.767413,32.041544,"上市公司基本情况.xlsx","2026-06-29 01:23:57"
"江苏省","南通市","南通",39,120.864608,32.016212,"上市公司基本情况.xlsx","2026-06-29 01:23:57"
"江苏省","邳州市","邳州",1,117.90306,34.402946,"上市公司基本情况.xlsx","2026-06-29 01:23:57"
"江苏省","启东市","启东",5,121.678822,31.871302,"上市公司基本情况.xlsx","2026-06-29 01:23:57"
"江苏省","如皋市","如皋",8,120.580144,32.273616,"上市公司基本情况.xlsx","2026-06-29 01:23:57"
"江苏省","苏州市","苏州",149,120.619585,31.299379,"上市公司基本情况.xlsx","2026-06-29 01:23:57"
"江苏省","宿迁市","宿迁",11,118.275162,33.963008,"上市公司基本情况.xlsx","2026-06-29 01:23:57"
"江苏省","太仓市","太仓",3,121.158978,31.571904,"上市公司基本情况.xlsx","2026-06-29 01:23:57"
"江苏省","泰兴市","泰兴",2,120.135346,32.213679,"上市公司基本情况.xlsx","2026-06-29 01:23:57"
"江苏省","泰州市","泰州",11,119.915176,32.484882,"上市公司基本情况.xlsx","2026-06-29 01:23:57"
"江苏省","无锡市","无锡",81,120.301663,31.574729,"上市公司基本情况.xlsx","2026-06-29 01:23:57"
"江苏省","新沂市","新沂",3,118.344121,34.284443,"上市公司基本情况.xlsx","2026-06-29 01:23:57"
"江苏省","兴化市","兴化",1,119.996418,32.961954,"上市公司基本情况.xlsx","2026-06-29 01:23:57"
"江苏省","徐州市","徐州",13,117.184811,34.261792,"上市公司基本情况.xlsx","2026-06-29 01:23:57"
"江苏省","盐城市","盐城",7,120.139998,33.377631,"上市公司基本情况.xlsx","2026-06-29 01:23:57"
"江苏省","扬中市","扬中",3,119.845138,32.189469,"上市公司基本情况.xlsx","2026-06-29 01:23:57"
"江苏省","扬州市","扬州",15,119.421003,32.393159,"上市公司基本情况.xlsx","2026-06-29 01:23:57"
"江苏省","仪征市","仪征",1,119.200955,32.392636,"上市公司基本情况.xlsx","2026-06-29 01:23:57"
"江苏省","宜兴市","宜兴",12,119.790265,31.362245,"上市公司基本情况.xlsx","2026-06-29 01:23:57"
"江苏省","张家港市","张家港",33,120.627279,31.907812,"上市公司基本情况.xlsx","2026-06-29 01:23:57"
"江苏省","镇江市","镇江",10,119.452753,32.204402,"上市公司基本情况.xlsx","2026-06-29 01:23:57"
"江西省","丰城市","丰城",1,115.823404,28.111516,"上市公司基本情况.xlsx","2026-06-29 01:23:57"
"江西省","抚州市","抚州",3,116.358351,27.98385,"上市公司基本情况.xlsx","2026-06-29 01:23:57"
"江西省","赣州市","赣州",13,114.940278,25.85097,"上市公司基本情况.xlsx","2026-06-29 01:23:57"
"江西省","高安市","高安",1,115.304482,28.365232,"上市公司基本情况.xlsx","2026-06-29 01:23:57"
"江西省","贵溪市","贵溪",1,117.19787,28.190604,"上市公司基本情况.xlsx","2026-06-29 01:23:57"
"江西省","吉安市","吉安",6,114.986373,27.111699,"上市公司基本情况.xlsx","2026-06-29 01:23:57"
"江西省","景德镇市","景德镇",3,117.214664,29.29256,"上市公司基本情况.xlsx","2026-06-29 01:23:57"
"江西省","九江市","九江",4,115.992811,29.712034,"上市公司基本情况.xlsx","2026-06-29 01:23:57"
"江西省","乐平市","乐平",3,117.273279,28.969928,"上市公司基本情况.xlsx","2026-06-29 01:23:57"
"江西省","南昌市","南昌",35,115.892151,28.676493,"上市公司基本情况.xlsx","2026-06-29 01:23:57"
"江西省","萍乡市","萍乡",3,113.852186,27.622946,"上市公司基本情况.xlsx","2026-06-29 01:23:57"
"江西省","上饶市","上饶",9,117.971185,28.44442,"上市公司基本情况.xlsx","2026-06-29 01:23:57"
"江西省","新余市","新余",5,114.930835,27.810834,"上市公司基本情况.xlsx","2026-06-29 01:23:57"
"江西省","宜春市","宜春",3,114.391136,27.8043,"上市公司基本情况.xlsx","2026-06-29 01:23:57"
"江西省","鹰潭市","鹰潭",2,117.033838,28.238638,"上市公司基本情况.xlsx","2026-06-29 01:23:57"
"江西省","樟树市","樟树",1,115.421346,28.002514,"上市公司基本情况.xlsx","2026-06-29 01:23:57"
"辽宁省","鞍山市","鞍山",5,122.995632,41.110626,"上市公司基本情况.xlsx","2026-06-29 01:23:57"
"辽宁省","本溪市","本溪",1,123.770519,41.297909,"上市公司基本情况.xlsx","2026-06-29 01:23:57"
"辽宁省","大连市","大连",29,121.618622,38.91459,"上市公司基本情况.xlsx","2026-06-29 01:23:57"
"辽宁省","丹东市","丹东",1,124.383044,40.124296,"上市公司基本情况.xlsx","2026-06-29 01:23:57"
"辽宁省","抚顺市","抚顺",1,123.921109,41.875956,"上市公司基本情况.xlsx","2026-06-29 01:23:57"
"辽宁省","阜新市","阜新",3,121.648962,42.011796,"上市公司基本情况.xlsx","2026-06-29 01:23:57"
"辽宁省","海城市","海城",2,122.791201,40.840354,"上市公司基本情况.xlsx","2026-06-29 01:23:57"
"辽宁省","葫芦岛市","葫芦岛",2,120.856394,40.755572,"上市公司基本情况.xlsx","2026-06-29 01:23:57"
"辽宁省","锦州市","锦州",2,121.135742,41.119269,"上市公司基本情况.xlsx","2026-06-29 01:23:57"
"辽宁省","辽阳市","辽阳",3,123.18152,41.269402,"上市公司基本情况.xlsx","2026-06-29 01:23:57"
"辽宁省","凌海市","凌海",1,121.285575,41.152566,"上市公司基本情况.xlsx","2026-06-29 01:23:57"
"辽宁省","凌源市","凌源",1,119.271543,40.981801,"上市公司基本情况.xlsx","2026-06-29 01:23:57"
"辽宁省","盘锦市","盘锦",1,122.06957,41.124484,"上市公司基本情况.xlsx","2026-06-29 01:23:57"
"辽宁省","沈阳市","沈阳",27,123.429096,41.796767,"上市公司基本情况.xlsx","2026-06-29 01:23:57"
"辽宁省","铁岭市","铁岭",1,123.844279,42.290585,"上市公司基本情况.xlsx","2026-06-29 01:23:57"
"辽宁省","瓦房店市","瓦房店",1,121.790699,39.708956,"上市公司基本情况.xlsx","2026-06-29 01:23:57"
"辽宁省","营口市","营口",3,122.235151,40.667432,"上市公司基本情况.xlsx","2026-06-29 01:23:57"
"内蒙古自治区","阿拉善盟","阿拉善",1,105.706422,38.844814,"上市公司基本情况.xlsx","2026-06-29 01:23:57"
"内蒙古自治区","巴彦淖尔市","巴彦淖尔",1,107.416959,40.757402,"上市公司基本情况.xlsx","2026-06-29 01:23:57"
"内蒙古自治区","包头市","包头",9,109.840405,40.658168,"上市公司基本情况.xlsx","2026-06-29 01:23:57"
"内蒙古自治区","赤峰市","赤峰",2,118.956806,42.275317,"上市公司基本情况.xlsx","2026-06-29 01:23:57"
"内蒙古自治区","鄂尔多斯市","鄂尔多斯",3,109.99029,39.817179,"上市公司基本情况.xlsx","2026-06-29 01:23:57"
"内蒙古自治区","呼和浩特市","呼和浩特",9,111.670801,40.818311,"上市公司基本情况.xlsx","2026-06-29 01:23:57"
"内蒙古自治区","通辽市","通辽",1,122.263119,43.617429,"上市公司基本情况.xlsx","2026-06-29 01:23:57"
"内蒙古自治区","乌海市","乌海",1,106.825563,39.673734,"上市公司基本情况.xlsx","2026-06-29 01:23:57"
"内蒙古自治区","乌兰察布市","乌兰察布",1,113.114543,41.034126,"上市公司基本情况.xlsx","2026-06-29 01:23:57"
"内蒙古自治区","锡林郭勒盟","锡林郭勒",1,116.090996,43.944018,"上市公司基本情况.xlsx","2026-06-29 01:23:57"
"宁夏回族自治区","灵武市","灵武",1,106.532,37.935175,"上市公司基本情况.xlsx","2026-06-29 01:23:57"
"宁夏回族自治区","青铜峡市","青铜峡",1,105.961462,37.942125,"上市公司基本情况.xlsx","2026-06-29 01:23:57"
"宁夏回族自治区","石嘴山市","石嘴山",3,106.376173,39.01333,"上市公司基本情况.xlsx","2026-06-29 01:23:57"
"宁夏回族自治区","吴忠市","吴忠",1,106.199409,37.986165,"上市公司基本情况.xlsx","2026-06-29 01:23:57"
"宁夏回族自治区","银川市","银川",9,106.278179,38.46637,"上市公司基本情况.xlsx","2026-06-29 01:23:57"
"宁夏回族自治区","中卫市","中卫",1,105.189568,37.514951,"上市公司基本情况.xlsx","2026-06-29 01:23:57"
"青海省","格尔木市","格尔木",2,92.701667,35.580972,"上市公司基本情况.xlsx","2026-06-29 01:23:57"
"青海省","海东市","海东",1,102.10327,36.502916,"上市公司基本情况.xlsx","2026-06-29 01:23:57"
"青海省","西宁市","西宁",7,101.778916,36.623178,"上市公司基本情况.xlsx","2026-06-29 01:23:57"
"山东省","滨州市","滨州",6,118.016974,37.383542,"上市公司基本情况.xlsx","2026-06-29 01:23:57"
"山东省","昌邑市","昌邑",2,119.449917,36.834234,"上市公司基本情况.xlsx","2026-06-29 01:23:57"
"山东省","德州市","德州",7,116.307428,37.453968,"上市公司基本情况.xlsx","2026-06-29 01:23:57"
"山东省","东营市","东营",6,118.66471,37.434564,"上市公司基本情况.xlsx","2026-06-29 01:23:57"
"山东省","肥城市","肥城",2,116.744762,36.112514,"上市公司基本情况.xlsx","2026-06-29 01:23:57"
"山东省","高密市","高密",2,119.702512,36.387318,"上市公司基本情况.xlsx","2026-06-29 01:23:57"
"山东省","菏泽市","菏泽",2,115.469381,35.246531,"上市公司基本情况.xlsx","2026-06-29 01:23:57"
"山东省","济南市","济南",47,117.000923,36.675807,"上市公司基本情况.xlsx","2026-06-29 01:23:57"
"山东省","济宁市","济宁",8,116.587245,35.415393,"上市公司基本情况.xlsx","2026-06-29 01:23:57"
"山东省","胶州市","胶州",7,119.959421,36.248031,"上市公司基本情况.xlsx","2026-06-29 01:23:57"
"山东省","莱阳市","莱阳",3,120.751343,36.905533,"上市公司基本情况.xlsx","2026-06-29 01:23:57"
"山东省","莱州市","莱州",4,120.001344,37.190401,"上市公司基本情况.xlsx","2026-06-29 01:23:57"
"山东省","乐陵市","乐陵",1,117.145553,37.674417,"上市公司基本情况.xlsx","2026-06-29 01:23:57"
"山东省","聊城市","聊城",7,115.980367,36.456013,"上市公司基本情况.xlsx","2026-06-29 01:23:57"
"山东省","临沂市","临沂",7,118.326443,35.065282,"上市公司基本情况.xlsx","2026-06-29 01:23:57"
"山东省","龙口市","龙口",11,120.5228,37.610401,"上市公司基本情况.xlsx","2026-06-29 01:23:57"
"山东省","平度市","平度",1,119.951062,36.78855,"上市公司基本情况.xlsx","2026-06-29 01:23:57"
"山东省","青岛市","青岛",57,120.355173,36.082982,"上市公司基本情况.xlsx","2026-06-29 01:23:57"
"山东省","青州市","青州",1,118.470187,36.680584,"上市公司基本情况.xlsx","2026-06-29 01:23:57"
"山东省","曲阜市","曲阜",2,117.03179,35.615761,"上市公司基本情况.xlsx","2026-06-29 01:23:57"
"山东省","日照市","日照",2,119.461208,35.428588,"上市公司基本情况.xlsx","2026-06-29 01:23:57"
"山东省","荣成市","荣成",3,122.406926,37.128686,"上市公司基本情况.xlsx","2026-06-29 01:23:57"
"山东省","寿光市","寿光",5,118.852534,37.029892,"上市公司基本情况.xlsx","2026-06-29 01:23:57"
"山东省","泰安市","泰安",5,117.129063,36.194968,"上市公司基本情况.xlsx","2026-06-29 01:23:57"
"山东省","滕州市","滕州",2,117.147616,35.065791,"上市公司基本情况.xlsx","2026-06-29 01:23:57"
"山东省","威海市","威海",15,122.116394,37.509691,"上市公司基本情况.xlsx","2026-06-29 01:23:57"
"山东省","潍坊市","潍坊",14,119.107078,36.70925,"上市公司基本情况.xlsx","2026-06-29 01:23:57"
"山东省","新泰市","新泰",1,117.613016,35.89581,"上市公司基本情况.xlsx","2026-06-29 01:23:57"
"山东省","烟台市","烟台",32,121.391382,37.539297,"上市公司基本情况.xlsx","2026-06-29 01:23:57"
"山东省","禹城市","禹城",3,116.581331,36.919143,"上市公司基本情况.xlsx","2026-06-29 01:23:57"
"山东省","枣庄市","枣庄",3,117.557964,34.856424,"上市公司基本情况.xlsx","2026-06-29 01:23:57"
"山东省","招远市","招远",2,120.400517,37.344146,"上市公司基本情况.xlsx","2026-06-29 01:23:57"
"山东省","诸城市","诸城",6,119.41617,36.016658,"上市公司基本情况.xlsx","2026-06-29 01:23:57"
"山东省","淄博市","淄博",36,118.047648,36.814939,"上市公司基本情况.xlsx","2026-06-29 01:23:57"
"山东省","邹城市","邹城",1,117.089582,35.354043,"上市公司基本情况.xlsx","2026-06-29 01:23:57"
"山东省","邹平市","邹平",2,117.670806,36.956593,"上市公司基本情况.xlsx","2026-06-29 01:23:57"
"山西省","大同市","大同",3,113.295259,40.09031,"上市公司基本情况.xlsx","2026-06-29 01:23:57"
"山西省","汾阳市","汾阳",1,111.745996,37.316764,"上市公司基本情况.xlsx","2026-06-29 01:23:57"
"山西省","介休市","介休",1,111.995188,37.025476,"上市公司基本情况.xlsx","2026-06-29 01:23:57"
"山西省","晋城市","晋城",1,112.851274,35.497553,"上市公司基本情况.xlsx","2026-06-29 01:23:57"
"山西省","晋中市","晋中",2,112.736465,37.696495,"上市公司基本情况.xlsx","2026-06-29 01:23:57"
"山西省","临汾市","临汾",3,111.517973,36.08415,"上市公司基本情况.xlsx","2026-06-29 01:23:57"
"山西省","太原市","太原",19,112.549248,37.857014,"上市公司基本情况.xlsx","2026-06-29 01:23:57"
"山西省","忻州市","忻州",1,112.733538,38.41769,"上市公司基本情况.xlsx","2026-06-29 01:23:57"
"山西省","阳泉市","阳泉",2,113.583285,37.861188,"上市公司基本情况.xlsx","2026-06-29 01:23:57"
"山西省","运城市","运城",4,111.003957,35.022778,"上市公司基本情况.xlsx","2026-06-29 01:23:57"
"山西省","长治市","长治",4,113.113556,36.191112,"上市公司基本情况.xlsx","2026-06-29 01:23:57"
"陕西省","宝鸡市","宝鸡",5,107.14487,34.369315,"上市公司基本情况.xlsx","2026-06-29 01:23:57"
"陕西省","韩城市","韩城",1,110.393774,35.582782,"上市公司基本情况.xlsx","2026-06-29 01:23:57"
"陕西省","汉中市","汉中",1,107.028621,33.077668,"上市公司基本情况.xlsx","2026-06-29 01:23:57"
"陕西省","商洛市","商洛",1,109.939776,33.868319,"上市公司基本情况.xlsx","2026-06-29 01:23:57"
"陕西省","神木市","神木",1,110.33127,38.829036,"上市公司基本情况.xlsx","2026-06-29 01:23:57"
"陕西省","铜川市","铜川",1,108.979608,34.916582,"上市公司基本情况.xlsx","2026-06-29 01:23:57"
"陕西省","渭南市","渭南",1,109.502882,34.499381,"上市公司基本情况.xlsx","2026-06-29 01:23:57"
"陕西省","西安市","西安",65,108.948024,34.263161,"上市公司基本情况.xlsx","2026-06-29 01:23:57"
"陕西省","咸阳市","咸阳",6,108.705117,34.333439,"上市公司基本情况.xlsx","2026-06-29 01:23:57"
"陕西省","兴平市","兴平",1,108.47576,34.307609,"上市公司基本情况.xlsx","2026-06-29 01:23:57"
"陕西省","延安市","延安",1,109.49081,36.596537,"上市公司基本情况.xlsx","2026-06-29 01:23:57"
"陕西省","榆林市","榆林",1,109.741193,38.290162,"上市公司基本情况.xlsx","2026-06-29 01:23:57"
"上海","上海市","上海",452,121.472644,31.231706,"上市公司基本情况.xlsx","2026-06-29 01:23:57"
"四川省","阿坝藏族羌族自治州","阿坝藏族羌族",1,102.221374,31.899792,"上市公司基本情况.xlsx","2026-06-29 01:23:57"
"四川省","成都市","成都",116,104.065735,30.659462,"上市公司基本情况.xlsx","2026-06-29 01:23:57"
"四川省","崇州市","崇州",1,103.529467,30.719641,"上市公司基本情况.xlsx","2026-06-29 01:23:57"
"四川省","达州市","达州",1,107.502262,31.209484,"上市公司基本情况.xlsx","2026-06-29 01:23:57"
"四川省","德阳市","德阳",4,104.398651,31.127991,"上市公司基本情况.xlsx","2026-06-29 01:23:57"
"四川省","都江堰市","都江堰",1,103.637342,31.039124,"上市公司基本情况.xlsx","2026-06-29 01:23:57"
"四川省","峨眉山市","峨眉山",2,103.400912,29.507004,"上市公司基本情况.xlsx","2026-06-29 01:23:57"
"四川省","广安市","广安",1,106.633369,30.456398,"上市公司基本情况.xlsx","2026-06-29 01:23:57"
"四川省","简阳市","简阳",3,104.536305,30.393006,"上市公司基本情况.xlsx","2026-06-29 01:23:57"
"四川省","江油市","江油",1,104.933149,31.952427,"上市公司基本情况.xlsx","2026-06-29 01:23:57"
"四川省","乐山市","乐山",4,103.761263,29.582024,"上市公司基本情况.xlsx","2026-06-29 01:23:57"
"四川省","凉山彝族自治州","凉山彝族",1,102.258746,27.886762,"上市公司基本情况.xlsx","2026-06-29 01:23:57"
"四川省","泸州市","泸州",3,105.443348,28.889138,"上市公司基本情况.xlsx","2026-06-29 01:23:57"
"四川省","马尔康市","马尔康",1,102.023305,32.019304,"上市公司基本情况.xlsx","2026-06-29 01:23:57"
"四川省","眉山市","眉山",3,103.831788,30.048318,"上市公司基本情况.xlsx","2026-06-29 01:23:57"
"四川省","绵阳市","绵阳",9,104.741722,31.46402,"上市公司基本情况.xlsx","2026-06-29 01:23:57"
"四川省","南充市","南充",2,106.082974,30.795281,"上市公司基本情况.xlsx","2026-06-29 01:23:57"
"四川省","内江市","内江",3,105.066138,29.58708,"上市公司基本情况.xlsx","2026-06-29 01:23:57"
"四川省","攀枝花市","攀枝花",3,101.716007,26.580446,"上市公司基本情况.xlsx","2026-06-29 01:23:57"
"四川省","彭州市","彭州",1,103.889866,31.148577,"上市公司基本情况.xlsx","2026-06-29 01:23:57"
"四川省","邛崃市","邛崃",1,103.376512,30.388736,"上市公司基本情况.xlsx","2026-06-29 01:23:57"
"四川省","射洪市","射洪",3,105.388245,30.908079,"上市公司基本情况.xlsx","2026-06-29 01:23:57"
"四川省","什邡市","什邡",2,104.019871,31.293694,"上市公司基本情况.xlsx","2026-06-29 01:23:57"
"四川省","遂宁市","遂宁",2,105.571331,30.513311,"上市公司基本情况.xlsx","2026-06-29 01:23:57"
"四川省","西昌市","西昌",1,102.117888,27.863377,"上市公司基本情况.xlsx","2026-06-29 01:23:57"
"四川省","雅安市","雅安",1,103.001033,29.987722,"上市公司基本情况.xlsx","2026-06-29 01:23:57"
"四川省","宜宾市","宜宾",5,104.630825,28.760189,"上市公司基本情况.xlsx","2026-06-29 01:23:57"
"四川省","自贡市","自贡",4,104.773447,29.352765,"上市公司基本情况.xlsx","2026-06-29 01:23:57"
"天津","天津市","天津",72,117.190182,39.125596,"上市公司基本情况.xlsx","2026-06-29 01:23:57"
"西藏自治区","昌都市","昌都",2,97.178452,31.136875,"上市公司基本情况.xlsx","2026-06-29 01:23:57"
"西藏自治区","拉萨市","拉萨",17,91.132212,29.660361,"上市公司基本情况.xlsx","2026-06-29 01:23:57"
"西藏自治区","林芝市","林芝",1,94.362348,29.654693,"上市公司基本情况.xlsx","2026-06-29 01:23:57"
"西藏自治区","山南市","山南",2,91.766529,29.236023,"上市公司基本情况.xlsx","2026-06-29 01:23:57"
"新疆维吾尔自治区","阿克苏市","阿克苏",1,81.156013,40.349444,"上市公司基本情况.xlsx","2026-06-29 01:23:57"
"新疆维吾尔自治区","阿拉尔市","阿拉尔",2,81.285884,40.541914,"上市公司基本情况.xlsx","2026-06-29 01:23:57"
"新疆维吾尔自治区","昌吉市","昌吉",6,87.073618,44.175083,"上市公司基本情况.xlsx","2026-06-29 01:23:57"
"新疆维吾尔自治区","阜康市","阜康",1,88.305949,44.424104,"上市公司基本情况.xlsx","2026-06-29 01:23:57"
"新疆维吾尔自治区","喀什市","喀什",1,76.014343,39.513111,"上市公司基本情况.xlsx","2026-06-29 01:23:57"
"新疆维吾尔自治区","可克达拉市","可克达拉",1,80.63579,43.6832,"上市公司基本情况.xlsx","2026-06-29 01:23:57"
"新疆维吾尔自治区","克拉玛依市","克拉玛依",5,84.873946,45.595886,"上市公司基本情况.xlsx","2026-06-29 01:23:57"
"新疆维吾尔自治区","库尔勒市","库尔勒",2,85.709418,41.7055,"上市公司基本情况.xlsx","2026-06-29 01:23:57"
"新疆维吾尔自治区","石河子市","石河子",5,86.041075,44.305886,"上市公司基本情况.xlsx","2026-06-29 01:23:57"
"新疆维吾尔自治区","双河市","双河",1,82.353656,44.840524,"上市公司基本情况.xlsx","2026-06-29 01:23:57"
"新疆维吾尔自治区","铁门关市","铁门关",1,85.501218,41.827251,"上市公司基本情况.xlsx","2026-06-29 01:23:57"
"新疆维吾尔自治区","乌鲁木齐市","乌鲁木齐",33,87.617733,43.792818,"上市公司基本情况.xlsx","2026-06-29 01:23:57"
"新疆维吾尔自治区","五家渠市","五家渠",2,87.526884,44.167401,"上市公司基本情况.xlsx","2026-06-29 01:23:57"
"新疆维吾尔自治区","伊宁市","伊宁",1,81.289048,44.020356,"上市公司基本情况.xlsx","2026-06-29 01:23:57"
"云南省","安宁市","安宁",2,102.391127,24.852355,"上市公司基本情况.xlsx","2026-06-29 01:23:57"
"云南省","保山市","保山",1,99.167133,25.111802,"上市公司基本情况.xlsx","2026-06-29 01:23:57"
"云南省","昆明市","昆明",27,102.712251,25.040609,"上市公司基本情况.xlsx","2026-06-29 01:23:57"
"云南省","丽江市","丽江",1,100.233026,26.872108,"上市公司基本情况.xlsx","2026-06-29 01:23:57"
"云南省","临沧市","临沧",1,100.08697,23.886567,"上市公司基本情况.xlsx","2026-06-29 01:23:57"
"云南省","弥勒市","弥勒",1,103.389766,24.226172,"上市公司基本情况.xlsx","2026-06-29 01:23:57"
"云南省","普洱市","普洱",1,100.972344,22.777321,"上市公司基本情况.xlsx","2026-06-29 01:23:57"
"云南省","曲靖市","曲靖",2,103.797851,25.501557,"上市公司基本情况.xlsx","2026-06-29 01:23:57"
"云南省","文山市","文山",1,104.089112,23.401781,"上市公司基本情况.xlsx","2026-06-29 01:23:57"
"云南省","香格里拉市","香格里拉",1,99.831599,27.907358,"上市公司基本情况.xlsx","2026-06-29 01:23:57"
"云南省","玉溪市","玉溪",1,102.543907,24.350461,"上市公司基本情况.xlsx","2026-06-29 01:23:57"
"浙江省","慈溪市","慈溪",15,121.338408,30.189257,"上市公司基本情况.xlsx","2026-06-29 01:23:57"
"浙江省","东阳市","东阳",11,120.380818,29.237427,"上市公司基本情况.xlsx","2026-06-29 01:23:57"
"浙江省","海宁市","海宁",16,120.618727,30.442177,"上市公司基本情况.xlsx","2026-06-29 01:23:57"
"浙江省","杭州市","杭州",231,120.153576,30.287459,"上市公司基本情况.xlsx","2026-06-29 01:23:57"
"浙江省","湖州市","湖州",41,120.102398,30.867198,"上市公司基本情况.xlsx","2026-06-29 01:23:57"
"浙江省","嘉兴市","嘉兴",38,120.750865,30.762653,"上市公司基本情况.xlsx","2026-06-29 01:23:57"
"浙江省","建德市","建德",5,119.379533,29.487115,"上市公司基本情况.xlsx","2026-06-29 01:23:57"
"浙江省","江山市","江山",3,118.607086,28.58197,"上市公司基本情况.xlsx","2026-06-29 01:23:57"
"浙江省","金华市","金华",16,119.649506,29.089524,"上市公司基本情况.xlsx","2026-06-29 01:23:57"
"浙江省","兰溪市","兰溪",3,119.533338,29.284103,"上市公司基本情况.xlsx","2026-06-29 01:23:57"
"浙江省","乐清市","乐清",15,121.016175,28.261839,"上市公司基本情况.xlsx","2026-06-29 01:23:57"
"浙江省","丽水市","丽水",8,119.921786,28.451993,"上市公司基本情况.xlsx","2026-06-29 01:23:57"
"浙江省","临海市","临海",11,121.221919,28.857389,"上市公司基本情况.xlsx","2026-06-29 01:23:57"
"浙江省","宁波市","宁波",94,121.549792,29.868388,"上市公司基本情况.xlsx","2026-06-29 01:23:57"
"浙江省","平湖市","平湖",6,121.105839,30.716529,"上市公司基本情况.xlsx","2026-06-29 01:23:57"
"浙江省","衢州市","衢州",19,118.87263,28.941708,"上市公司基本情况.xlsx","2026-06-29 01:23:57"
"浙江省","瑞安市","瑞安",3,120.46834,27.829231,"上市公司基本情况.xlsx","2026-06-29 01:23:57"
"浙江省","绍兴市","绍兴",63,120.582112,29.997117,"上市公司基本情况.xlsx","2026-06-29 01:23:57"
"浙江省","嵊州市","嵊州",7,120.761431,29.591008,"上市公司基本情况.xlsx","2026-06-29 01:23:57"
"浙江省","台州市","台州",44,121.428599,28.661378,"上市公司基本情况.xlsx","2026-06-29 01:23:57"
"浙江省","桐乡市","桐乡",8,120.490411,30.612341,"上市公司基本情况.xlsx","2026-06-29 01:23:57"
"浙江省","温岭市","温岭",10,121.421046,28.400554,"上市公司基本情况.xlsx","2026-06-29 01:23:57"
"浙江省","温州市","温州",24,120.672111,28.000575,"上市公司基本情况.xlsx","2026-06-29 01:23:57"
"浙江省","义乌市","义乌",7,120.067296,29.306444,"上市公司基本情况.xlsx","2026-06-29 01:23:57"
"浙江省","永康市","永康",5,120.108684,28.940177,"上市公司基本情况.xlsx","2026-06-29 01:23:57"
"浙江省","余姚市","余姚",17,121.152779,29.996457,"上市公司基本情况.xlsx","2026-06-29 01:23:57"
"浙江省","玉环市","玉环",9,121.284426,28.179738,"上市公司基本情况.xlsx","2026-06-29 01:23:57"
"浙江省","舟山市","舟山",4,122.106863,30.016028,"上市公司基本情况.xlsx","2026-06-29 01:23:57"
"浙江省","诸暨市","诸暨",12,120.281434,29.6994,"上市公司基本情况.xlsx","2026-06-29 01:23:57"
"重庆","重庆市","重庆",79,106.504962,29.533155,"上市公司基本情况.xlsx","2026-06-29 01:23:57"
