"company_code","company_name","board","listing_date","industry","total_market_cap_yi","float_market_cap_yi","pe","is_current_year_new","market_cap_rank","is_top10_market_cap"
"920045.BJ","蘅东光","北证","2025-12-31","计算机、通信和其他电子设备制造业",440.4161,94.9899,133.7579,FALSE,1,TRUE
"920185.BJ","贝特瑞","北证","2020-07-27","计算机、通信和其他电子设备制造业",301.7343,80.0564,35.1086,FALSE,2,TRUE
"920186.BJ","中科仪","北证","2026-04-29","通用设备制造业",216.6986,113.341,21.6933,TRUE,3,TRUE
"920982.BJ","锦波生物","北证","2023-07-20","医药制造业",174.0939,66.9905,27.8973,FALSE,4,TRUE
"920808.BJ","曙光数创","北证","2022-11-18","通用设备制造业",153.64,40.9654,743.1231,FALSE,5,TRUE
"920438.BJ","戈碧迦","北证","2024-03-25","非金属矿物制品业",151.294,89.037,468.0971,FALSE,6,TRUE
"920116.BJ","星图测控","北证","2025-01-02","软件和信息技术服务业",140.0268,42.0055,137.8915,FALSE,7,TRUE
"920125.BJ","鸿仕达","北证","2026-04-24","专用设备制造业",134.2224,39.3909,184.7638,TRUE,8,TRUE
"920068.BJ","天工股份","北证","2025-05-13","有色金属冶炼和压延加工业",112.4354,11.7286,123.0952,FALSE,9,TRUE
"920178.BJ","锐翔智能","北证","2026-05-15","专用设备制造业",102.204,21.027,78.2107,TRUE,10,TRUE
"920394.BJ","民士达","北证","2023-04-25","纺织业",97.5049,32.2102,76.5371,FALSE,11,FALSE
"920077.BJ","吉林碳谷","北证","2021-08-31","化学纤维制造业",95.9684,39.5201,48.897,FALSE,12,FALSE
"920493.BJ","并行科技","北证","2023-11-01","软件和信息技术服务业",80.9314,44.0019,400.0566,FALSE,13,FALSE
"920725.BJ","惠丰钻石","北证","2022-07-18","非金属矿物制品业",77.5381,22.7277,-550.2238,FALSE,14,FALSE
"920599.BJ","同力股份","北证","2021-02-22","专用设备制造业",76.8254,38.7598,9.1369,FALSE,15,FALSE
"920015.BJ","锦华新材","北证","2025-09-25","化学原料和化学制品制造业",74.9548,22.1229,43.217,FALSE,16,FALSE
"920368.BJ","连城数控","北证","2020-07-27","专用设备制造业",74.4254,44.5372,429.0121,FALSE,17,FALSE
"920029.BJ","开发科技","北证","2025-03-28","仪器仪表制造业",74.0642,21.2704,13.2946,FALSE,18,FALSE
"920174.BJ","五新智能","北证","2021-08-20","专用设备制造业",74.0513,16.4328,32.8335,FALSE,19,FALSE
"920083.BJ","金戈新材","北证","2026-06-11","非金属矿物制品业",65.1667,14.6653,103.2013,TRUE,20,FALSE
"920576.BJ","天力复合","北证","2023-07-12","有色金属冶炼和压延加工业",64.8144,16.3259,522.9624,FALSE,21,FALSE
"920640.BJ","富士达","北证","2020-07-27","计算机、通信和其他电子设备制造业",63.8275,31.6426,81.8308,FALSE,22,FALSE
"920799.BJ","艾融软件","北证","2020-07-27","软件和信息技术服务业",61.0286,22.5132,141.9565,FALSE,23,FALSE
"920522.BJ","纳科诺尔","北证","2023-11-16","专用设备制造业",60.8977,38.7664,130.9044,FALSE,24,FALSE
"920593.BJ","鼎智科技","北证","2023-04-13","电气机械和器材制造业",59.1665,25.9339,243.0802,FALSE,25,FALSE
"920161.BJ","龙辰科技","北证","2026-05-27","计算机、通信和其他电子设备制造业",59.1302,16.0436,67.9381,TRUE,26,FALSE
"920179.BJ","凯德石英","北证","2022-03-04","非金属矿物制品业",58.2517,34.1117,306.4488,FALSE,27,FALSE
"920037.BJ","广信科技","北证","2025-06-26","电气机械和器材制造业",57.135,18.4682,27.0365,FALSE,28,FALSE
"920156.BJ","海昌智能","北证","2026-04-27","专用设备制造业",56.8495,11.8526,26.6064,TRUE,29,FALSE
"920206.BJ","彩客科技","北证","2026-06-08","化学原料和化学制品制造业",55.57,11.0725,40.6552,TRUE,30,FALSE
"920571.BJ","国航远洋","北证","2022-12-15","水上运输业",54.8743,22.9293,75.7827,FALSE,31,FALSE
"920111.BJ","聚星科技","北证","2024-11-11","电气机械和器材制造业",54.7695,16.7252,29.1154,FALSE,32,FALSE
"920119.BJ","美德乐","北证","2026-01-30","通用设备制造业",53.4751,14.0701,19.1838,TRUE,33,FALSE
"920047.BJ","诺思兰德","北证","2020-11-24","医药制造业",53.2362,31.9439,-91.9615,FALSE,34,FALSE
"920509.BJ","同惠电子","北证","2021-01-11","仪器仪表制造业",53.1574,19.0859,75.3421,FALSE,35,FALSE
"920402.BJ","硅烷科技","北证","2022-09-28","化学原料和化学制品制造业",51.4913,16.5292,-38.0866,FALSE,36,FALSE
"920809.BJ","安达科技","北证","2023-03-23","计算机、通信和其他电子设备制造业",49.9009,38.3211,-39.295,FALSE,37,FALSE
"920211.BJ","新睿电子","北证","2026-06-05","仪器仪表制造业",49.5498,8.2967,88.2771,TRUE,38,FALSE
"920239.BJ","长虹能源","北证","2021-02-09","电气机械和器材制造业",46.9751,17.7312,18.2286,FALSE,39,FALSE
"920100.BJ","三协电机","北证","2025-09-08","电气机械和器材制造业",45.7042,12.1182,76.638,FALSE,40,FALSE
"920491.BJ","奥迪威","北证","2022-06-14","计算机、通信和其他电子设备制造业",45.6598,34.8149,54.22,FALSE,41,FALSE
"920181.BJ","赛英电子","北证","2026-04-10","电气机械和器材制造业",45.5544,10.5661,49.7635,TRUE,42,FALSE
"920060.BJ","万源通","北证","2024-11-19","计算机、通信和其他电子设备制造业",45.5374,21.8922,39.687,FALSE,43,FALSE
"920139.BJ","华岭股份","北证","2022-10-28","计算机、通信和其他电子设备制造业",45.2772,24.5724,-76.8969,FALSE,44,FALSE
"920971.BJ","天马新材","北证","2022-09-27","计算机、通信和其他电子设备制造业",44.7149,18.7768,105.2783,FALSE,45,FALSE
"920019.BJ","铜冠矿建","北证","2024-10-11","开采专业及辅助性活动",42.3477,11.7349,117.8956,FALSE,46,FALSE
"920200.BJ","振宏股份","北证","2026-05-07","金属制品业",41.2334,18.0138,28.3367,TRUE,47,FALSE
"920220.BJ","朗信电气","北证","2026-05-22","汽车制造业",40.7036,7.3266,30.0773,TRUE,48,FALSE
"920978.BJ","开特股份","北证","2023-09-28","汽车制造业",40.3264,21.1903,24.329,FALSE,49,FALSE
"920261.BJ","一诺威","北证","2023-04-03","化学原料和化学制品制造业",40.0308,14.2267,20.5295,FALSE,50,FALSE
"920002.BJ","万达轴承","北证","2024-05-30","通用设备制造业",39.3309,17.3383,66.1549,FALSE,51,FALSE
"920096.BJ","嘉晨智能","北证","2026-05-18","仪器仪表制造业",39.1368,9.0185,54.9437,TRUE,52,FALSE
"920946.BJ","森萱医药","北证","2020-07-27","医药制造业",39.0203,10.7909,26.1008,FALSE,53,FALSE
"920078.BJ","族兴新材","北证","2026-03-18","化学原料和化学制品制造业",38.904,6.7109,48.2989,TRUE,54,FALSE
"920510.BJ","丰光精密","北证","2020-12-28","通用设备制造业",38.0891,13.2774,-269.2761,FALSE,55,FALSE
"920961.BJ","创远信科","北证","2020-07-27","仪器仪表制造业",37.21,21.1648,-337.6331,FALSE,56,FALSE
"920249.BJ","利尔达","北证","2023-02-17","批发业",36.724,10.7225,67.8633,FALSE,57,FALSE
"920418.BJ","苏轴股份","北证","2020-07-27","通用设备制造业",35.4552,18.8523,24.317,FALSE,58,FALSE
"920012.BJ","创达新材","北证","2026-04-13","计算机、通信和其他电子设备制造业",34.389,13.4562,52.0826,TRUE,59,FALSE
"920819.BJ","颖泰生物","北证","2020-07-27","化学原料和化学制品制造业",34.0772,13.1048,-12.2124,FALSE,60,FALSE
"920699.BJ","海达尔","北证","2023-05-09","金属制品业",33.5346,9.2796,61.7771,FALSE,61,FALSE
"920088.BJ","科力股份","北证","2024-10-29","开采专业及辅助性活动",33.1677,11.5046,71.3578,FALSE,62,FALSE
"920020.BJ","泰凯英","北证","2025-10-28","橡胶和塑料制品业",32.7295,8.0899,18.0425,FALSE,63,FALSE
"920009.BJ","丹娜生物","北证","2025-11-03","医药制造业",32.5461,4.2306,36.4011,FALSE,64,FALSE
"920839.BJ","万通液压","北证","2020-11-09","通用设备制造业",32.3304,8.9177,27.4809,FALSE,65,FALSE
"920247.BJ","华密新材","北证","2022-12-23","橡胶和塑料制品业",31.9311,9.3891,69.5884,FALSE,66,FALSE
"920981.BJ","晶赛科技","北证","2021-11-15","计算机、通信和其他电子设备制造业",31.5507,10.4609,249.6585,FALSE,67,FALSE
"920821.BJ","则成电子","北证","2022-07-06","计算机、通信和其他电子设备制造业",31.3666,8.8988,397.82,FALSE,68,FALSE
"920953.BJ","国子软件","北证","2023-08-23","软件和信息技术服务业",31.3628,8.7567,51.5863,FALSE,69,FALSE
"920028.BJ","新恒泰","北证","2026-03-20","橡胶和塑料制品业",31.3106,12.3748,27.7416,TRUE,70,FALSE
"920126.BJ","永大股份","北证","2026-06-15","专用设备制造业",31.1684,7.4819,29.762,TRUE,71,FALSE
"920806.BJ","云星宇","北证","2024-01-11","软件和信息技术服务业",31.0661,10.0907,42.0743,FALSE,72,FALSE
"920339.BJ","恒太照明","北证","2022-11-17","电气机械和器材制造业",30.4982,7.5802,144.0791,FALSE,73,FALSE
"920735.BJ","德源药业","北证","2021-02-19","医药制造业",29.9132,18.1175,12.1599,FALSE,74,FALSE
"920879.BJ","基康技术","北证","2022-12-20","仪器仪表制造业",29.6884,10.7186,37.4572,FALSE,75,FALSE
"920026.BJ","卓兆点胶","北证","2023-10-19","专用设备制造业",28.8764,8.184,56.3905,FALSE,76,FALSE
"920533.BJ","骏创科技","北证","2022-05-24","汽车制造业",28.1259,11.0589,81.5511,FALSE,77,FALSE
"920018.BJ","宏远股份","北证","2025-08-20","电气机械和器材制造业",27.6101,9.5895,25.4559,FALSE,78,FALSE
"920720.BJ","吉冈精密","北证","2021-11-24","汽车制造业",27.6017,7.4536,48.0045,FALSE,79,FALSE
"920225.BJ","利通科技","北证","2021-02-25","橡胶和塑料制品业",27.1733,14.6133,47.5971,FALSE,80,FALSE
"920091.BJ","大鹏工业","北证","2025-11-21","专用设备制造业",25.8154,6.0901,75.6186,FALSE,81,FALSE
"920101.BJ","志高机械","北证","2025-08-14","专用设备制造业",25.7549,8.0368,24.2556,FALSE,82,FALSE
"920208.BJ","青矩技术","北证","2023-06-29","专业技术服务业",25.5525,16.9423,13.3236,FALSE,83,FALSE
"920284.BJ","灵鸽科技","北证","2023-12-19","专用设备制造业",25.2429,12.9686,-233.8378,FALSE,84,FALSE
"920122.BJ","中纺标","北证","2022-09-27","专业技术服务业",25.1636,5.1372,106.7988,FALSE,85,FALSE
"920682.BJ","球冠电缆","北证","2020-07-27","电气机械和器材制造业",24.959,10.3843,28.6065,FALSE,86,FALSE
"920190.BJ","雷神科技","北证","2022-12-23","计算机、通信和其他电子设备制造业",24.61,13.3008,87.7016,FALSE,87,FALSE
"920885.BJ","星辰科技","北证","2021-07-08","仪器仪表制造业",24.5297,8.6022,87.4827,FALSE,88,FALSE
"920526.BJ","凯华材料","北证","2022-12-22","计算机、通信和其他电子设备制造业",24.4544,7.966,157.3612,FALSE,89,FALSE
"920046.BJ","亿能电力","北证","2022-10-13","电气机械和器材制造业",24.3063,8.4178,158.3416,FALSE,90,FALSE
"920005.BJ","鼎佳精密","北证","2025-07-31","计算机、通信和其他电子设备制造业",23.9372,6.2006,45.6389,FALSE,91,FALSE
"920099.BJ","瑞华技术","北证","2024-09-25","专业技术服务业",23.8305,12.2609,30.4422,FALSE,92,FALSE
"920001.BJ","纬达光电","北证","2022-12-27","计算机、通信和其他电子设备制造业",23.8167,6.8899,-76.2631,FALSE,93,FALSE
"920160.BJ","北矿检测","北证","2025-11-18","专业技术服务业",23.7548,5.3448,28.2391,FALSE,94,FALSE
"920021.BJ","流金科技","北证","2020-07-27","电信、广播电视和卫星传输服务",23.5149,15.586,165.9018,FALSE,95,FALSE
"920036.BJ","觅睿科技","北证","2026-03-09","计算机、通信和其他电子设备制造业",23.2544,5.5811,31.208,TRUE,96,FALSE
"920106.BJ","林泰新材","北证","2024-12-18","汽车制造业",23.209,11.4649,18.4179,FALSE,97,FALSE
"920159.BJ","农大科技","北证","2026-01-28","化学原料和化学制品制造业",23.1648,4.3891,16.2548,TRUE,98,FALSE
"920505.BJ","九菱科技","北证","2022-12-21","金属制品业",23.0636,6.3369,158.6289,FALSE,99,FALSE
"920807.BJ","奔朗新材","北证","2022-12-20","非金属矿物制品业",23.0624,10.9231,167.1343,FALSE,100,FALSE
"920579.BJ","机科股份","北证","2023-11-30","通用设备制造业",22.8014,7.8496,-40.9842,FALSE,101,FALSE
"920344.BJ","三元基因","北证","2021-01-08","医药制造业",22.6567,9.2583,122.756,FALSE,102,FALSE
"920357.BJ","雅葆轩","北证","2022-11-18","计算机、通信和其他电子设备制造业",22.3407,7.7561,29.9845,FALSE,103,FALSE
"920223.BJ","荣亿精密","北证","2022-06-09","通用设备制造业",22.2716,7.4543,-111.6626,FALSE,104,FALSE
"920227.BJ","美登科技","北证","2022-12-28","软件和信息技术服务业",22.185,6.1619,50.5807,FALSE,105,FALSE
"920086.BJ","科马材料","北证","2026-01-16","汽车制造业",21.5058,6.8733,23.7901,TRUE,106,FALSE
"920089.BJ","禾昌聚合","北证","2021-11-09","橡胶和塑料制品业",21.4476,10.6796,13.0469,FALSE,107,FALSE
"920914.BJ","远航精密","北证","2022-11-11","计算机、通信和其他电子设备制造业",21.2923,12.3469,38.476,FALSE,108,FALSE
"920010.BJ","凯添燃气","北证","2020-07-27","燃气生产和供应业",21.2691,8.5304,76.1673,FALSE,109,FALSE
"920124.BJ","南特科技","北证","2025-11-27","通用设备制造业",20.9565,9.7425,23.5103,FALSE,110,FALSE
"920207.BJ","众诚科技","北证","2022-09-23","软件和信息技术服务业",20.9559,8.5789,515.9251,FALSE,111,FALSE
"920152.BJ","昆工科技","北证","2022-09-01","专用设备制造业",20.9322,12.6543,-9.6925,FALSE,112,FALSE
"920188.BJ","悦龙科技","北证","2026-03-30","橡胶和塑料制品业",20.8977,4.9841,21.4181,TRUE,113,FALSE
"920128.BJ","胜业电气","北证","2024-11-29","电气机械和器材制造业",20.8902,6.2524,190.4953,FALSE,114,FALSE
"920252.BJ","天宏锂电","北证","2023-01-19","电气机械和器材制造业",20.8176,8.2925,248.228,FALSE,115,FALSE
"920112.BJ","巴兰仕","北证","2025-08-28","专用设备制造业",20.6525,6.0589,14.0228,FALSE,116,FALSE
"920892.BJ","广咨国际","北证","2021-10-28","专业技术服务业",20.6125,6.0769,19.0254,FALSE,117,FALSE
"920489.BJ","佳先股份","北证","2020-07-27","化学原料和化学制品制造业",20.578,13.0933,-262.9767,FALSE,118,FALSE
"920779.BJ","武汉蓝电","北证","2023-06-01","仪器仪表制造业",20.5071,5.1305,34.0708,FALSE,119,FALSE
"920121.BJ","江天科技","北证","2025-12-25","印刷和记录媒介复制业",20.4349,3.6783,17.9742,FALSE,120,FALSE
"920167.BJ","同享科技","北证","2020-07-27","电气机械和器材制造业",20.1238,6.5516,32.7293,FALSE,121,FALSE
"920694.BJ","中裕科技","北证","2023-04-24","橡胶和塑料制品业",19.8661,5.0937,21.5287,FALSE,122,FALSE
"920273.BJ","一致魔芋","北证","2023-02-21","食品制造业",19.8088,7.3174,35.5985,FALSE,123,FALSE
"920693.BJ","阿为特","北证","2023-10-27","金属制品业",19.7017,6.1076,-2923.6709,FALSE,124,FALSE
"920011.BJ","晨光电机","北证","2026-04-08","电气机械和器材制造业",19.6581,4.4231,21.7362,TRUE,125,FALSE
"920055.BJ","隆源股份","北证","2026-03-31","汽车制造业",19.6316,4.4171,13.1297,TRUE,126,FALSE
"920218.BJ","新天力","北证","2026-05-29","橡胶和塑料制品业",19.5211,4.3923,25.2169,TRUE,127,FALSE
"920403.BJ","康农种业","北证","2024-01-18","农业",19.435,8.9555,23.051,FALSE,128,FALSE
"920592.BJ","华信永道","北证","2023-07-10","软件和信息技术服务业",19.415,7.8209,-50.5487,FALSE,129,FALSE
"920017.BJ","星昊医药","北证","2023-05-31","医药制造业",19.3272,10.8254,17.6018,FALSE,130,FALSE
"920751.BJ","惠同新材","北证","2023-07-17","金属制品业",19.2652,11.5966,40.6303,FALSE,131,FALSE
"920425.BJ","乐创技术","北证","2023-01-30","软件和信息技术服务业",19.1954,10.771,43.2958,FALSE,132,FALSE
"920169.BJ","七丰精工","北证","2022-04-15","通用设备制造业",19.0931,7.4674,68.7409,FALSE,133,FALSE
"920564.BJ","天润科技","北证","2022-06-17","软件和信息技术服务业",18.9791,5.4475,-325.7637,FALSE,134,FALSE
"920069.BJ","普昂医疗","北证","2026-03-27","专用设备制造业",18.9009,5.2786,19.4258,TRUE,135,FALSE
"920050.BJ","爱舍伦","北证","2026-01-21","医药制造业",18.7336,4.7298,19.3983,TRUE,136,FALSE
"920191.BJ","瑞尔竞达","北证","2026-04-20","非金属矿物制品业",18.6797,4.203,19.6563,TRUE,137,FALSE
"920033.BJ","康普化学","北证","2022-12-21","化学原料和化学制品制造业",18.5494,6.0066,48.4807,FALSE,138,FALSE
"920726.BJ","朱老六","北证","2021-05-27","食品制造业",18.5446,5.0227,60.3062,FALSE,139,FALSE
"920171.BJ","志晟信息","北证","2021-11-15","软件和信息技术服务业",18.473,7.4243,179.6354,FALSE,140,FALSE
"920748.BJ","路桥信息","北证","2023-08-16","软件和信息技术服务业",18.4099,3.5975,-27.0046,FALSE,141,FALSE
"920092.BJ","汉鑫科技","北证","2021-11-15","软件和信息技术服务业",18.3632,5.3041,-55.0038,FALSE,142,FALSE
"920523.BJ","德瑞锂电","北证","2021-06-03","电气机械和器材制造业",18.3254,11.3364,13.4446,FALSE,143,FALSE
"920080.BJ","奥美森","北证","2025-10-10","专用设备制造业",18.2849,5.0615,23.1687,FALSE,144,FALSE
"920187.BJ","通领科技","北证","2026-03-05","汽车制造业",18.1684,6.6496,14.3354,TRUE,145,FALSE
"920663.BJ","明阳科技","北证","2023-03-15","汽车制造业",18.1631,5.4276,20.7572,FALSE,146,FALSE
"920003.BJ","中诚咨询","北证","2025-11-07","专业技术服务业",18.0423,3.8766,16.7248,FALSE,147,FALSE
"920729.BJ","永顺生物","北证","2020-07-27","医药制造业",18.0411,5.1165,46.9514,FALSE,148,FALSE
"920158.BJ","长江能科","北证","2025-10-16","专用设备制造业",18.005,4.8162,31.668,FALSE,149,FALSE
"920689.BJ","克莱特","北证","2022-03-21","通用设备制造业",17.9316,7.3719,31.6662,FALSE,150,FALSE
"920870.BJ","恒进感应","北证","2022-07-05","通用设备制造业",17.9024,4.987,97.5434,FALSE,151,FALSE
"920082.BJ","方正阀门","北证","2024-12-26","通用设备制造业",17.7042,4.8028,47.3511,FALSE,152,FALSE
"920405.BJ","海希通讯","北证","2021-11-05","仪器仪表制造业",17.6728,8.1323,34.8764,FALSE,153,FALSE
"920098.BJ","科隆新材","北证","2024-12-05","橡胶和塑料制品业",17.6465,8.0245,31.5287,FALSE,154,FALSE
"920007.BJ","酉立智能","北证","2025-08-08","金属制品业",17.5636,4.1975,24.1866,FALSE,155,FALSE
"920706.BJ","铁拓机械","北证","2024-03-08","专用设备制造业",17.52,5.6189,39.8344,FALSE,156,FALSE
"920062.BJ","科润智控","北证","2022-07-13","电气机械和器材制造业",17.4742,10.7039,176.9794,FALSE,157,FALSE
"920087.BJ","秋乐种业","北证","2022-12-07","农、林、牧、渔专业及辅助性活动",17.3956,7.8081,192.1251,FALSE,158,FALSE
"920924.BJ","广脉科技","北证","2021-11-03","软件和信息技术服务业",17.3391,8.563,121.0425,FALSE,159,FALSE
"920035.BJ","精创电气","北证","2025-12-02","仪器仪表制造业",17.2092,3.8714,27.9104,FALSE,160,FALSE
"920166.BJ","海圣医疗","北证","2026-02-12","专用设备制造业",17.0014,4.8891,19.7501,TRUE,161,FALSE
"920396.BJ","常辅股份","北证","2020-11-18","仪器仪表制造业",16.8131,8.5825,39.9817,FALSE,162,FALSE
"920061.BJ","西磁科技","北证","2023-12-21","专用设备制造业",16.6286,4.9085,358.8618,FALSE,163,FALSE
"920701.BJ","豪声电子","北证","2023-07-19","计算机、通信和其他电子设备制造业",16.5875,4.7883,25.8093,FALSE,164,FALSE
"920792.BJ","东和新材","北证","2023-03-30","非金属矿物制品业",16.5871,6.6083,20.5941,FALSE,165,FALSE
"920108.BJ","宏海科技","北证","2025-02-06","电气机械和器材制造业",16.514,4.3919,68.6176,FALSE,166,FALSE
"920183.BJ","海菲曼","北证","2026-03-04","计算机、通信和其他电子设备制造业",16.4479,3.7799,21.9924,TRUE,167,FALSE
"920299.BJ","灿能电力","北证","2022-06-10","仪器仪表制造业",16.3819,5.3664,69.7369,FALSE,168,FALSE
"920476.BJ","海能技术","北证","2022-10-14","仪器仪表制造业",16.363,11.3898,38.6248,FALSE,169,FALSE
"920662.BJ","方盛股份","北证","2022-11-28","通用设备制造业",16.2931,4.6954,99.8312,FALSE,170,FALSE
"920056.BJ","能之光","北证","2025-08-22","橡胶和塑料制品业",16.2566,6.1047,28.0518,FALSE,171,FALSE
"920221.BJ","易实精密","北证","2023-06-08","汽车制造业",16.1601,5.0493,27.7458,FALSE,172,FALSE
"920076.BJ","国亮新材","北证","2026-01-22","非金属矿物制品业",16.0294,5.0423,19.7193,TRUE,173,FALSE
"920837.BJ","华原股份","北证","2023-05-15","汽车制造业",15.9298,4.8707,19.8481,FALSE,174,FALSE
"920627.BJ","力王股份","北证","2023-09-07","电气机械和器材制造业",15.8676,4.8927,52.7772,FALSE,175,FALSE
"920790.BJ","联迪信息","北证","2022-09-02","软件和信息技术服务业",15.8566,5.3012,-688.7334,FALSE,176,FALSE
"920199.BJ","倍益康","北证","2022-12-01","计算机、通信和其他电子设备制造业",15.815,4.576,257.2806,FALSE,177,FALSE
"920703.BJ","广厦环能","北证","2023-12-05","专用设备制造业",15.7959,5.1706,20.331,FALSE,178,FALSE
"920304.BJ","迪尔化工","北证","2023-04-18","化学原料和化学制品制造业",15.7501,7.3232,29.563,FALSE,179,FALSE
"920770.BJ","艾能聚","北证","2023-02-28","电气机械和器材制造业",15.6809,8.418,36.2281,FALSE,180,FALSE
"920985.BJ","海泰新能","北证","2022-08-08","电气机械和器材制造业",15.6285,6.8159,-2.273,FALSE,181,FALSE
"920371.BJ","欧福蛋业","北证","2023-01-18","农副食品加工业",15.5933,4.2687,18.0394,FALSE,182,FALSE
"920242.BJ","建邦科技","北证","2020-07-27","商务服务业",15.5183,6.5063,18.3384,FALSE,183,FALSE
"920578.BJ","巨能股份","北证","2023-05-12","通用设备制造业",15.51,4.9523,-308.5096,FALSE,184,FALSE
"920180.BJ","爱得科技","北证","2026-02-10","专用设备制造业",15.4977,4.6798,20.9198,TRUE,185,FALSE
"920547.BJ","无锡晶海","北证","2023-12-12","医药制造业",15.4599,4.7712,24.2732,FALSE,186,FALSE
"920006.BJ","晟楠科技","北证","2023-05-18","铁路、船舶、航空航天和其他运输设备制造业",15.3669,5.9851,646.4631,FALSE,187,FALSE
"920932.BJ","科达自控","北证","2021-11-15","软件和信息技术服务业",15.3495,9.4032,-17.163,FALSE,188,FALSE
"920177.BJ","恒道科技","北证","2026-04-16","专用设备制造业",15.2827,5.4122,19.0713,TRUE,189,FALSE
"920753.BJ","天纺标","北证","2022-10-31","专业技术服务业",14.897,4.1426,42.1166,FALSE,190,FALSE
"920184.BJ","国源科技","北证","2020-07-27","软件和信息技术服务业",14.8325,7.3433,69.0412,FALSE,191,FALSE
"920274.BJ","宏裕包材","北证","2023-08-18","橡胶和塑料制品业",14.6319,4.5724,68.9735,FALSE,192,FALSE
"920690.BJ","捷众科技","北证","2024-01-05","汽车制造业",14.6092,5.0567,20.0287,FALSE,193,FALSE
"920670.BJ","数字人","北证","2020-12-08","软件和信息技术服务业",14.6001,7.5456,427.7052,FALSE,194,FALSE
"920008.BJ","成电光信","北证","2024-08-29","计算机、通信和其他电子设备制造业",14.586,7.7949,72.8187,FALSE,195,FALSE
"920943.BJ","优机股份","北证","2022-06-24","通用设备制造业",14.5379,4.6903,29.4806,FALSE,196,FALSE
"920237.BJ","力佳科技","北证","2022-11-25","电气机械和器材制造业",14.4829,5.2046,36.3607,FALSE,197,FALSE
"920786.BJ","骑士乳业","北证","2023-10-13","畜牧业",14.4247,7.1093,28.3828,FALSE,198,FALSE
"920271.BJ","邦德股份","北证","2022-06-02","汽车制造业",14.3644,3.6949,16.4547,FALSE,199,FALSE
"920675.BJ","秉扬科技","北证","2020-12-28","非金属矿物制品业",14.3585,4.1444,35.1802,FALSE,200,FALSE
"920363.BJ","莱赛激光","北证","2023-12-28","仪器仪表制造业",14.2253,5.7921,278.7745,FALSE,201,FALSE
"920415.BJ","恒拓开源","北证","2020-07-27","软件和信息技术服务业",14.1074,7.8634,50.6882,FALSE,202,FALSE
"920566.BJ","梓橦宫","北证","2021-08-13","医药制造业",14.0706,9.9479,15.4252,FALSE,203,FALSE
"920270.BJ","天铭科技","北证","2022-09-02","通用设备制造业",14.0081,3.8442,42.8559,FALSE,204,FALSE
"920130.BJ","立方控股","北证","2023-11-02","软件和信息技术服务业",13.9749,4.5988,-27.8508,FALSE,205,FALSE
"920204.BJ","沪江材料","北证","2022-01-18","橡胶和塑料制品业",13.8886,4.8275,56.7983,FALSE,206,FALSE
"920346.BJ","威贸电子","北证","2022-02-23","计算机、通信和其他电子设备制造业",13.832,4.8208,29.4579,FALSE,207,FALSE
"920541.BJ","铁大科技","北证","2023-03-10","铁路、船舶、航空航天和其他运输设备制造业",13.793,5.9883,18.688,FALSE,208,FALSE
"920374.BJ","云里物里","北证","2022-11-29","计算机、通信和其他电子设备制造业",13.7928,4.9247,101.9408,FALSE,209,FALSE
"920896.BJ","旺成科技","北证","2023-04-19","通用设备制造业",13.7159,3.4981,22.3062,FALSE,210,FALSE
"920665.BJ","科强股份","北证","2023-09-26","橡胶和塑料制品业",13.7009,4.3661,42.9369,FALSE,211,FALSE
"920656.BJ","海昇药业","北证","2024-02-02","医药制造业",13.68,3.42,17.9319,FALSE,212,FALSE
"920066.BJ","科拜尔","北证","2024-10-31","橡胶和塑料制品业",13.4632,4.2569,54.2751,FALSE,213,FALSE
"920976.BJ","视声智能","北证","2023-09-01","计算机、通信和其他电子设备制造业",13.325,5.2724,20.5153,FALSE,214,FALSE
"920022.BJ","世昌股份","北证","2025-09-19","汽车制造业",13.2767,3.657,19.9911,FALSE,215,FALSE
"920639.BJ","晨光电缆","北证","2022-07-12","电气机械和器材制造业",13.225,6.0638,64.7513,FALSE,216,FALSE
"920570.BJ","坤博精工","北证","2023-11-23","通用设备制造业",13.1194,4.658,93.1302,FALSE,217,FALSE
"920168.BJ","通宝光电","北证","2026-02-26","汽车制造业",13.0276,4.8826,18.5222,TRUE,218,FALSE
"920475.BJ","三友科技","北证","2020-07-27","专用设备制造业",12.966,3.6831,-540.8057,FALSE,219,FALSE
"920454.BJ","同心传动","北证","2021-11-15","汽车制造业",12.8748,4.9052,45.5608,FALSE,220,FALSE
"920163.BJ","方大新材","北证","2020-07-27","橡胶和塑料制品业",12.6839,3.4989,25.8883,FALSE,221,FALSE
"920195.BJ","三祥科技","北证","2022-12-30","橡胶和塑料制品业",12.5478,5.0085,12.2709,FALSE,222,FALSE
"920634.BJ","新威凌","北证","2022-11-24","金属制品业",12.5389,3.7832,73.7566,FALSE,223,FALSE
"920392.BJ","佳合科技","北证","2022-12-30","造纸和纸制品业",12.5363,3.1423,69.1639,FALSE,224,FALSE
"920651.BJ","天罡股份","北证","2023-06-27","仪器仪表制造业",12.5111,3.1933,16.3761,FALSE,225,FALSE
"920429.BJ","康比特","北证","2022-12-15","食品制造业",12.4227,6.009,63.8845,FALSE,226,FALSE
"920826.BJ","盖世食品","北证","2021-01-12","农副食品加工业",12.3794,5.2287,25.6904,FALSE,227,FALSE
"920039.BJ","国义招标","北证","2021-08-18","专业技术服务业",12.3671,4.0523,44.7852,FALSE,228,FALSE
"920556.BJ","雅达股份","北证","2023-03-17","仪器仪表制造业",12.3406,6.5234,55.8413,FALSE,229,FALSE
"920642.BJ","通易航天","北证","2021-08-16","橡胶和塑料制品业",12.3264,6.4283,-46.8445,FALSE,230,FALSE
"920058.BJ","华洋赛车","北证","2023-08-10","铁路、船舶、航空航天和其他运输设备制造业",12.3155,3.0855,25.7527,FALSE,231,FALSE
"920992.BJ","中科美菱","北证","2022-10-18","专用设备制造业",12.2365,3.9781,60.8887,FALSE,232,FALSE
"920906.BJ","舜宇精工","北证","2023-02-22","汽车制造业",12.1884,4.197,38.7283,FALSE,233,FALSE
"920942.BJ","恒立钻具","北证","2022-12-08","专用设备制造业",12.1779,6.5371,99.4081,FALSE,234,FALSE
"920964.BJ","润农节水","北证","2020-07-27","土木工程建筑业",12.1462,6.246,-64.4143,FALSE,235,FALSE
"920395.BJ","朗鸿科技","北证","2022-09-01","计算机、通信和其他电子设备制造业",12.1458,5.0134,33.6681,FALSE,236,FALSE
"920027.BJ","交大铁发","北证","2025-06-10","铁路、船舶、航空航天和其他运输设备制造业",12.0674,6.4301,23.9846,FALSE,237,FALSE
"920407.BJ","驰诚股份","北证","2023-02-16","仪器仪表制造业",12.0562,3.0512,64.6779,FALSE,238,FALSE
"920198.BJ","微创光电","北证","2020-07-27","计算机、通信和其他电子设备制造业",12.0539,5.1435,152.6085,FALSE,239,FALSE
"920876.BJ","慧为智能","北证","2022-11-09","计算机、通信和其他电子设备制造业",12.0275,4.4759,670.3176,FALSE,240,FALSE
"920375.BJ","派诺科技","北证","2023-12-14","软件和信息技术服务业",11.8194,6.0581,208.965,FALSE,241,FALSE
"920263.BJ","中航泰达","北证","2020-07-27","生态保护和环境治理业",11.7797,5.4691,-31.1091,FALSE,242,FALSE
"920575.BJ","*ST康乐","北证","2023-03-15","医药制造业",11.6871,7.8111,-2.0876,FALSE,243,FALSE
"920873.BJ","中设咨询","北证","2021-11-15","专业技术服务业",11.6728,7.8922,-19.1103,FALSE,244,FALSE
"920768.BJ","拾比佰","北证","2021-06-28","电气机械和器材制造业",11.6674,6.0628,19.8646,FALSE,245,FALSE
"920378.BJ","泰德股份","北证","2022-06-20","汽车制造业",11.6644,5.3528,51.3244,FALSE,246,FALSE
"920433.BJ","大唐药业","北证","2020-07-27","医药制造业",11.6443,4.3435,-14.1853,FALSE,247,FALSE
"920351.BJ","华光源海","北证","2022-12-29","多式联运和运输代理业",11.6031,4.7949,78.3198,FALSE,248,FALSE
"920833.BJ","美心翼申","北证","2023-11-08","通用设备制造业",11.5551,5.0784,53.3267,FALSE,249,FALSE
"920641.BJ","格利尔","北证","2022-12-02","计算机、通信和其他电子设备制造业",11.4715,4.407,211.8779,FALSE,250,FALSE
"920925.BJ","锦好医疗","北证","2021-10-25","专用设备制造业",11.3953,4.457,214.9191,FALSE,251,FALSE
"920427.BJ","华维设计","北证","2021-02-05","专业技术服务业",11.392,3.465,-92.4304,FALSE,252,FALSE
"920834.BJ","三维装备","北证","2022-08-22","通用设备制造业",11.388,3.3657,24.4886,FALSE,253,FALSE
"920496.BJ","许昌智能","北证","2024-01-26","电气机械和器材制造业",11.375,6.9187,115.269,FALSE,254,FALSE
"920000.BJ","安徽凤凰","北证","2020-12-23","汽车制造业",11.3408,3.8664,16.9158,FALSE,255,FALSE
"920175.BJ","东方碳素","北证","2023-06-30","非金属矿物制品业",11.3288,6.2882,-9.7664,FALSE,256,FALSE
"920123.BJ","芭薇股份","北证","2024-03-29","化学原料和化学制品制造业",11.2878,4.0536,28.1981,FALSE,257,FALSE
"920857.BJ","泓禧科技","北证","2022-02-28","计算机、通信和其他电子设备制造业",11.2343,3.3667,-26.5837,FALSE,258,FALSE
"920866.BJ","绿亨科技","北证","2022-12-09","化学原料和化学制品制造业",11.1367,5.6376,31.0865,FALSE,259,FALSE
"920974.BJ","凯大催化","北证","2023-03-08","化学原料和化学制品制造业",11.122,7.4807,33.9296,FALSE,260,FALSE
"920262.BJ","太湖雪","北证","2022-12-30","纺织业",10.9892,2.9027,27.3062,FALSE,261,FALSE
"920455.BJ","汇隆活塞","北证","2023-06-21","通用设备制造业",10.9664,3.3594,39.6612,FALSE,262,FALSE
"920436.BJ","大地电气","北证","2021-11-15","汽车制造业",10.8081,3.8014,986.2692,FALSE,263,FALSE
"920075.BJ","柏星龙","北证","2022-12-14","印刷和记录媒介复制业",10.7528,4.1313,40.18,FALSE,264,FALSE
"920212.BJ","智新电子","北证","2021-06-08","计算机、通信和其他电子设备制造业",10.7373,2.9821,319.4101,FALSE,265,FALSE
"920278.BJ","鹿得医疗","北证","2020-07-27","专用设备制造业",10.7143,4.1701,77.637,FALSE,266,FALSE
"920014.BJ","特瑞斯","北证","2022-12-13","专用设备制造业",10.6259,3.7973,113.2264,FALSE,267,FALSE
"920367.BJ","新赣江","北证","2023-02-09","医药制造业",10.615,3.1139,85.7443,FALSE,268,FALSE
"920765.BJ","美之高","北证","2021-07-05","家具制造业",10.5608,3.0627,-432.6459,FALSE,269,FALSE
"920580.BJ","科创新材","北证","2022-05-13","非金属矿物制品业",10.5006,4.7248,50.7737,FALSE,270,FALSE
"920110.BJ","雷特科技","北证","2022-12-06","计算机、通信和其他电子设备制造业",10.3584,2.8584,25.7677,FALSE,271,FALSE
"920419.BJ","路斯股份","北证","2022-03-11","农副食品加工业",10.3513,5.2893,19.0596,FALSE,272,FALSE
"920445.BJ","龙竹科技","北证","2020-07-27","家具制造业",10.3272,6.3438,46.4841,FALSE,273,FALSE
"920016.BJ","中草香料","北证","2024-09-13","化学原料和化学制品制造业",10.2386,4.0768,47.3833,FALSE,274,FALSE
"920685.BJ","新芝生物","北证","2022-10-10","仪器仪表制造业",10.1217,5.4046,28.383,FALSE,275,FALSE
"920230.BJ","欧康医药","北证","2022-12-09","医药制造业",10.0977,2.789,83.9698,FALSE,276,FALSE
"920871.BJ","派特尔","北证","2022-07-22","橡胶和塑料制品业",10.0744,3.3273,92.0673,FALSE,277,FALSE
"920471.BJ","美邦科技","北证","2023-05-25","化学原料和化学制品制造业",10.0589,3.8474,-51.0242,FALSE,278,FALSE
"920553.BJ","凯腾精工","北证","2021-08-06","专用设备制造业",9.9146,3.8831,36.2979,FALSE,279,FALSE
"920957.BJ","汉维科技","北证","2022-12-14","化学原料和化学制品制造业",9.8932,2.0523,116.085,FALSE,280,FALSE
"920245.BJ","威博液压","北证","2022-01-06","通用设备制造业",9.7255,3.6805,61.4894,FALSE,281,FALSE
"920950.BJ","迅安科技","北证","2023-01-11","专用设备制造业",9.6709,2.6626,24.2095,FALSE,282,FALSE
"920118.BJ","太湖远大","北证","2024-08-22","橡胶和塑料制品业",9.5717,4.9864,28.1838,FALSE,283,FALSE
"920926.BJ","鸿智科技","北证","2023-08-08","电气机械和器材制造业",9.5607,2.551,45.6922,FALSE,284,FALSE
"920478.BJ","峆一药业","北证","2023-02-23","医药制造业",9.4435,2.3363,27.6487,FALSE,285,FALSE
"920469.BJ","富恒新材","北证","2023-09-18","橡胶和塑料制品业",9.3306,5.0836,-7.6851,FALSE,286,FALSE
"920855.BJ","浙江大农","北证","2022-12-29","通用设备制造业",9.2819,2.5269,34.1626,FALSE,287,FALSE
"920802.BJ","保丽洁","北证","2023-02-06","专用设备制造业",9.2751,2.4324,36.371,FALSE,288,FALSE
"920931.BJ","无锡鼎邦","北证","2024-04-08","专用设备制造业",9.2239,2.8258,185.4148,FALSE,289,FALSE
"920719.BJ","宁新新材","北证","2023-05-26","非金属矿物制品业",9.2162,6.6102,-1.7477,FALSE,290,FALSE
"920718.BJ","合肥高科","北证","2022-12-22","电气机械和器材制造业",9.0667,2.734,40.3487,FALSE,291,FALSE
"920508.BJ","殷图网联","北证","2020-07-27","软件和信息技术服务业",9.036,3.0242,355.267,FALSE,292,FALSE
"920781.BJ","瑞奇智造","北证","2022-12-26","专用设备制造业",9.0113,5.4647,-17.0562,FALSE,293,FALSE
"920275.BJ","驱动力","北证","2021-01-25","农副食品加工业",9.0048,2.7769,238.2737,FALSE,294,FALSE
"920300.BJ","辰光医疗","北证","2022-12-07","专用设备制造业",8.9968,5.6143,-15.2144,FALSE,295,FALSE
"920057.BJ","百甲科技","北证","2023-03-14","金属制品业",8.9544,5.1214,73.2043,FALSE,296,FALSE
"920132.BJ","泰鹏智能","北证","2023-11-16","家具制造业",8.9533,2.7457,52.5319,FALSE,297,FALSE
"920832.BJ","齐鲁华信","北证","2021-02-23","化学原料和化学制品制造业",8.7421,7.4862,-71.4864,FALSE,298,FALSE
"920679.BJ","前进科技","北证","2023-11-10","通用设备制造业",8.7182,2.7378,35.0307,FALSE,299,FALSE
"920856.BJ","浩淼科技","北证","2020-12-25","专用设备制造业",8.7041,2.8888,171.9124,FALSE,300,FALSE
"920519.BJ","万德股份","北证","2023-09-15","化学原料和化学制品制造业",8.667,5.3014,33.7166,FALSE,301,FALSE
"920608.BJ","丰安股份","北证","2022-12-16","通用设备制造业",8.3339,4.2049,24.5582,FALSE,302,FALSE
"920266.BJ","生物谷","北证","2020-07-27","医药制造业",8.308,4.4105,-21.0304,FALSE,303,FALSE
"920030.BJ","德众汽车","北证","2020-11-27","零售业",8.2624,3.3444,-26.6985,FALSE,304,FALSE
"920422.BJ","润普食品","北证","2023-03-01","食品制造业",8.0165,3.1279,33.8985,FALSE,305,FALSE
"920717.BJ","瑞星股份","北证","2023-07-03","专用设备制造业",8.0161,2.536,-65.2326,FALSE,306,FALSE
"920527.BJ","夜光明","北证","2022-10-27","化学原料和化学制品制造业",7.9857,3.9274,40.3828,FALSE,307,FALSE
"920370.BJ","新安洁","北证","2020-07-27","公共设施管理业",7.9575,3.6093,-10.3268,FALSE,308,FALSE
"920810.BJ","春光智能","北证","2022-12-16","通用设备制造业",7.8542,3.0032,-241.0869,FALSE,309,FALSE
"920260.BJ","中寰股份","北证","2021-11-15","仪器仪表制造业",7.8284,3.2158,24.1518,FALSE,310,FALSE
"920145.BJ","恒合股份","北证","2021-11-15","仪器仪表制造业",7.5277,3.2287,-70.9086,FALSE,311,FALSE
"920504.BJ","博迅生物","北证","2023-08-17","仪器仪表制造业",7.293,2.3304,48.0727,FALSE,312,FALSE
"920267.BJ","鑫汇科","北证","2022-05-27","计算机、通信和其他电子设备制造业",7.2725,3.1253,-31.7681,FALSE,313,FALSE
"920414.BJ","欧普泰","北证","2022-12-12","专用设备制造业",7.2013,4.4433,-32.0228,FALSE,314,FALSE
"920146.BJ","华阳变速","北证","2021-07-20","汽车制造业",7.1545,4.3338,-16.6727,FALSE,315,FALSE
"920895.BJ","花溪科技","北证","2023-04-06","专用设备制造业",7.0994,2.4856,-200.4567,FALSE,316,FALSE
"920090.BJ","*ST同辉","北证","2021-08-09","软件和信息技术服务业",6.9169,4.7947,-11.3721,FALSE,317,FALSE
"920023.BJ","*ST田野","北证","2023-02-02","酒、饮料和精制茶制造业",6.6443,4.8859,77.7653,FALSE,318,FALSE
"920149.BJ","旭杰科技","北证","2020-07-27","专业技术服务业",6.1187,3.5221,-13.3302,FALSE,319,FALSE
"920970.BJ","大禹生物","北证","2022-05-18","食品制造业",6.1051,2.9969,-13.8658,FALSE,320,FALSE
"920305.BJ","*ST云创","北证","2021-08-26","软件和信息技术服务业",4.7258,2.3952,-3.2678,FALSE,321,FALSE
